"";"ResponseId";"age";"genre";"CERQ_ACC";"CERQ_RUM";"CERQ_REA";"CERQ_CUL";"CERQ_REC";"CERQ_DRA";"CERQ_BLA";"CERQ_PLA";"CERQ_PERS";"CERQ_MAL";"CERQ_ADA";"AI_UPE";"AI_EPPR";"AI_RHSC";"AI_BFC";"AI_total";"BE_APP";"BE_ATT";"BE_Poids";"BE_total";"EE";"Interna";"QSREIC_dramatisation";"QSREIC_planif";"QSREIC_recentrage";"QSREIC_social";"QSREIC_culpa";"QSREIC_refus";"QSREIC_rumination";"QSREIC_physique";"QSREIC_évitement";"QSREIC_ADA";"QSREIC_MAL"
"1";"R_0GsgIFBoXqvnmGR";27;2;4;9;7;9;4;5;2;5;5;25;25;28;11;15;10;64;32;10;24;66;3;10;11;9;9;17;5;10;2;6;11;45;35
"2";"R_0PcPil62RqY2aaJ";30;2;6;9;10;5;9;2;4;10;4;20;39;18;30;22;14;84;25;17;14;56;10;11;5;11;14;16;6;17;3;3;3;58;20
"3";"R_0Pz5IOr2Kzhg0fv";27;2;8;10;4;10;4;9;4;5;3;33;24;11;14;6;3;34;11;8;9;28;4;29;12;6;3;4;10;5;5;10;13;18;50
"4";"R_0uiCHSoTtdH6T3X";10;2;6;7;3;5;2;5;4;5;6;21;22;27;25;19;7;78;23;10;18;51;7;18;8;10;10;17;5;16;3;4;8;53;28
"5";"R_0wSksLHdfBSpPyN";45;2;8;9;7;9;4;5;4;9;5;27;33;12;23;13;11;59;24;17;14;55;8;27;9;9;9;13;8;11;2;6;9;42;34
"6";"R_10HqiG2pfTL7New";20;2;6;5;7;5;4;3;2;6;6;15;29;20;19;18;9;66;28;14;19;61;8;20;8;9;8;14;5;8;2;3;4;39;22
"7";"R_10MX6arOK00auSR";18;1;8;8;8;6;4;2;7;9;6;23;35;23;12;6;12;53;23;12;11;46;5;10;12;9;9;18;8;12;4;5;7;48;36
"8";"R_11iOXkCS1Nlt8Dh";25;1;7;7;4;6;3;6;7;6;4;26;24;22;12;26;8;68;23;12;17;52;6;30;12;8;9;12;5;7;4;5;8;36;34
"9";"R_128SK7juzSFIKL6";14;2;6;7;8;4;3;4;4;7;4;19;28;13;26;23;9;71;32;14;19;65;7;27;7;9;9;17;6;13;3;5;3;48;24
"10";"R_12a6BELNpWtWfOc";26;2;4;10;7;7;5;6;4;6;3;27;25;11;19;16;8;54;16;9;15;40;6;26;7;12;9;7;7;13;5;4;14;41;37
"11";"R_12cpMwuULNFqksP";53;1;3;6;6;4;6;4;4;10;4;18;29;14;36;26;10;86;33;16;33;82;12;9;8;12;11;20;6;13;2;2;5;56;23
"12";"R_12DoZw11RI5sTVr";41;2;4;4;8;3;5;3;4;6;8;14;31;21;15;9;13;58;33;17;22;72;6;9;9;8;8;17;9;11;1;4;5;44;28
"13";"R_12FPZOxB1NoLPO2";33;2;5;6;8;5;7;3;5;6;9;19;35;22;27;12;11;72;27;15;16;58;6;29;11;8;10;13;9;8;3;8;4;39;35
"14";"R_12KmFQ0DRtd7K21";50;2;6;4;8;4;5;4;2;6;8;14;33;18;38;24;10;90;35;14;16;65;9;32;11;12;12;19;6;17;1;5;3;60;26
"15";"R_12rnY2owSijLWWp";17;2;4;5;4;4;3;4;4;6;4;17;21;16;24;19;11;70;22;10;10;42;7;33;11;8;8;15;8;7;2;6;7;38;34
"16";"R_1BR5P3i2W8cWwdc";47;1;6;4;8;5;7;2;2;8;6;13;35;19;31;26;10;86;30;13;19;62;9;19;5;10;10;18;4;10;1;4;3;48;17
"17";"R_1C1JXiPA5Xrgepz";51;1;8;8;8;4;8;3;4;8;7;19;39;10;32;23;11;76;32;14;24;70;9;15;11;12;13;19;5;17;2;3;8;61;29
"18";"R_1C2ApEFyQsm7VUD";52;1;6;7;6;4;4;3;6;4;8;20;28;29;40;24;11;104;32;13;23;68;12;10;9;6;7;20;5;13;1;2;7;46;24
"19";"R_1CKrKaOcHYQeG5b";20;1;9;4;9;4;4;2;3;6;7;13;35;19;35;15;12;81;39;12;30;81;11;19;4;7;9;17;4;15;1;3;3;48;15
"20";"R_1Cm6CVFRrpJ9hzv";25;1;5;4;7;4;6;3;3;6;6;14;30;27;33;18;9;87;35;13;32;80;9;13;9;7;8;18;3;14;1;3;5;47;21
"21";"R_1CpCTFZM9PZBXIz";47;2;9;8;10;8;2;3;2;7;6;21;34;17;16;15;11;59;28;15;19;62;7;34;9;12;9;17;6;11;3;4;5;49;27
"22";"R_1CxqjHeuaD2qOnL";24;2;7;7;6;8;4;4;2;7;4;21;28;22;22;12;12;68;24;14;19;57;5;15;10;11;8;14;8;12;4;5;6;45;33
"23";"R_1d0iWAwM1cYCo86";6;2;10;9;6;7;7;2;2;7;7;20;37;26;19;30;15;90;37;14;24;75;5;9;11;13;10;15;4;13;3;5;7;51;30
"24";"R_1daaIt5eOqywftd";17;1;8;4;8;3;6;4;4;4;4;15;30;13;19;18;9;59;26;20;21;67;6;36;9;11;10;9;8;9;4;9;6;39;36
"25";"R_1dbqCa3wHSBs7Ck";28;2;7;9;6;10;3;4;2;8;4;25;28;20;9;12;11;52;18;17;11;46;3;35;13;10;8;12;9;11;4;9;9;41;44
"26";"R_1DHiTYhayTrAGjM";43;2;8;8;9;4;6;5;5;7;7;22;37;13;26;20;14;73;33;14;29;76;8;18;10;9;12;15;4;14;2;4;4;50;24
"27";"R_1DLRcrbnGyLn3On";20;2;7;9;6;9;4;6;4;7;6;28;30;19;18;20;6;63;14;15;17;46;5;23;13;9;8;10;9;9;2;9;13;36;46
"28";"R_1eCALr4S2stTiPq";40;2;7;6;7;4;6;3;2;6;8;15;34;16;32;13;12;73;23;15;17;55;9;27;11;10;8;9;6;9;2;6;6;36;31
"29";"R_1eKLLCHxVUwfLTv";35;2;6;4;7;3;5;2;2;5;2;11;25;12;22;11;10;55;13;8;8;29;6;12;14;6;9;11;10;13;2;10;12;39;48
"30";"R_1f7aEHfI2hEu7A8";19;2;7;9;8;5;7;6;4;8;9;24;39;17;28;23;11;79;30;17;21;68;8;19;9;13;9;12;5;7;2;6;6;41;28
"31";"R_1f9G0lBKj2DdXMY";15;2;8;3;10;2;4;2;3;8;8;10;38;23;25;24;13;85;25;16;20;61;8;32;10;11;10;14;5;14;2;3;3;49;23
"32";"R_1FLCGblMe9kW2C2";23;2;7;8;9;4;3;4;4;7;8;20;34;16;20;16;10;62;17;12;11;40;5;45;15;7;6;9;8;7;3;10;8;29;44
"33";"R_1FM0c85jF2xDUZk";40;1;4;4;8;4;4;2;4;6;8;14;30;21;37;24;13;95;40;16;33;89;11;9;13;9;11;19;5;15;1;3;5;54;27
"34";"R_1FRmbyBHVJA4E3W";13;2;9;9;8;6;4;4;5;8;8;24;37;21;26;25;12;84;41;18;32;91;9;25;11;12;13;19;5;18;1;2;3;62;22
"35";"R_1g5Rle0EmLdLL9n";47;1;3;9;6;7;3;8;4;4;4;28;20;23;10;6;12;51;10;13;9;32;3;35;6;4;3;10;9;5;2;9;11;22;37
"36";"R_1g5ytIw5YMUtdyL";43;2;3;4;6;4;5;4;4;9;5;16;28;28;13;21;9;71;25;11;20;56;3;30;9;8;9;16;5;13;2;2;5;46;23
"37";"R_1GB2vGdbYanJGvs";37;1;9;3;10;4;8;3;3;8;10;13;45;18;23;21;12;74;33;16;27;76;6;35;10;13;10;16;6;13;2;3;7;52;28
"38";"R_1GHBGp1axwINUUt";36;2;4;6;6;4;4;7;4;6;4;21;24;15;14;12;4;45;18;10;10;38;6;38;15;9;5;5;7;7;4;10;6;26;42
"39";"R_1gqgy5hcJSK8zIJ";15;2;4;5;5;4;3;6;4;4;4;19;20;21;22;11;13;67;29;20;26;75;6;45;9;10;7;11;6;10;4;6;8;38;33
"40";"R_1gToIfdjBC5L66t";46;1;4;6;8;4;6;3;3;8;7;16;33;19;32;23;12;86;37;19;23;79;9;13;8;11;11;17;6;13;3;4;4;52;25
"41";"R_1GVVYv1eOkSHAQo";24;2;6;7;6;7;5;4;4;6;4;22;27;22;21;14;12;69;20;14;12;46;7;27;12;10;6;12;10;7;4;8;11;35;45
"42";"R_1gvwSZ8WFYfw4YB";18;2;8;9;8;10;4;4;4;10;4;27;34;25;23;18;6;72;26;17;21;64;6;29;8;14;7;10;5;14;3;5;5;45;26
"43";"R_1GwyL5sLLH9N65P";29;2;7;3;6;4;4;4;3;8;5;14;30;24;10;13;8;55;20;10;14;44;3;18;8;10;11;13;8;9;2;4;13;43;35
"44";"R_1Gy1dTq1VOLQufI";31;2;8;8;7;4;5;2;4;8;7;18;35;23;13;21;12;69;32;11;22;65;4;17;7;6;10;19;6;10;1;3;5;45;22
"45";"R_1H2dq5n8vCsCUy7";15;2;9;8;10;9;5;3;4;10;4;24;38;19;32;22;10;83;13;17;15;45;9;34;8;15;8;12;8;8;5;10;7;43;38
"46";"R_1HddDQ5CDmRK9Wv";22;2;5;9;5;6;3;6;4;10;4;25;27;23;14;12;11;60;25;12;26;63;4;38;9;11;5;12;6;6;3;5;9;34;32
"47";"R_1hQityifgBYPGO8";37;2;3;9;4;8;4;5;4;8;4;26;23;18;17;13;7;55;29;12;13;54;4;29;10;6;5;11;7;13;4;6;4;35;31
"48";"R_1HqqFQTCAHZZxl0";18;2;4;8;6;6;5;5;4;5;7;23;27;10;35;27;15;87;36;14;28;78;7;11;12;13;7;12;6;17;4;3;4;49;29
"49";"R_1i27QIbGFriKGUF";35;1;9;5;9;7;2;4;3;9;8;19;37;25;16;10;12;63;27;11;26;64;6;42;7;12;8;16;6;9;3;3;4;45;23
"50";"R_1IAFVYsayfaCDaY";3;2;9;5;10;8;4;3;2;6;10;18;39;22;15;20;8;65;34;16;31;81;6;9;11;10;13;19;5;12;2;2;4;54;24
"51";"R_1Iag28WRsFPKc7J";28;2;4;5;4;4;4;2;3;6;4;14;22;23;36;24;12;95;43;16;31;90;12;18;8;8;9;19;4;11;1;2;4;47;19
"52";"R_1IbBJCbgVxffVZy";37;1;9;8;9;3;5;2;2;7;8;15;38;26;33;17;10;86;40;12;29;81;11;9;7;10;9;20;8;12;2;2;6;51;25
"53";"R_1iezunYAS5pSQBk";41;2;4;10;6;8;4;6;4;10;6;28;30;12;15;12;8;47;32;14;17;63;5;19;10;12;9;13;5;13;3;4;8;47;30
"54";"R_1ifHrdPSD8v9tm7";15;2;8;8;5;4;2;6;4;6;3;22;24;17;8;8;5;38;19;13;11;43;3;36;7;6;5;5;8;6;2;7;5;22;29
"55";"R_1iq9PnVz6qXFuPZ";22;2;4;8;9;7;9;2;4;7;9;21;38;26;20;12;7;65;28;16;18;62;7;20;7;12;13;16;8;10;2;7;9;51;33
"56";"R_1j6Tjm8R9zUBD7o";28;2;6;8;6;9;4;8;4;9;5;29;30;22;22;13;11;68;30;18;14;62;8;25;7;12;11;16;6;9;1;8;4;48;26
"57";"R_1j7AdwX4AHUWjYn";49;2;3;7;4;4;6;2;2;5;4;15;22;24;36;24;12;96;41;14;31;86;12;9;12;13;13;20;5;12;1;2;3;58;23
"58";"R_1j9rjCN38a6AVJv";29;2;6;9;4;8;4;7;3;4;5;27;23;18;16;13;6;53;23;14;12;49;6;35;11;10;7;13;5;7;4;5;7;37;32
"59";"R_1jfEIjPNcs7IKvT";40;2;6;9;8;5;4;3;4;7;4;21;29;22;21;22;9;74;27;16;31;74;7;29;8;9;5;11;4;7;3;4;9;32;28
"60";"R_1jwvQjhQXN8H8YK";23;1;6;5;5;6;6;6;6;6;6;23;29;19;24;18;9;70;31;17;26;74;9;27;11;12;9;12;6;12;3;6;9;45;35
"61";"R_1KgaPub2oGnIqm6";18;2;8;8;8;4;6;4;2;8;4;18;34;26;15;18;10;69;21;15;11;47;4;30;9;10;8;12;5;9;2;6;9;39;31
"62";"R_1kGlYn6i2rN6uZH";16;2;9;6;10;10;4;2;2;10;8;20;41;19;16;17;15;67;21;8;12;41;3;17;8;8;14;19;9;13;4;6;8;54;35
"63";"R_1KmbMO0qxkgcgU3";2;2;6;10;5;9;4;8;4;2;4;31;21;14;15;14;8;51;10;13;8;31;5;39;14;8;7;5;10;8;3;10;14;28;51
"64";"R_1kSn4Toi12exJPU";29;2;6;8;4;10;4;4;2;8;4;24;26;23;14;14;6;57;26;13;11;50;8;24;9;9;7;18;6;12;3;7;9;46;34
"65";"R_1l0RPE8LaE521rm";5;2;4;8;4;8;5;6;4;5;4;26;22;17;10;16;8;51;16;11;11;38;3;35;14;7;6;8;8;8;4;10;10;29;46
"66";"R_1Lbsf9if38cwuax";16;2;2;7;7;4;4;5;4;10;5;20;28;22;33;28;15;98;34;16;30;80;10;17;6;6;7;18;6;6;1;5;4;37;22
"67";"R_1lcLEo9LT7hoeNT";28;2;10;6;10;4;2;3;3;8;6;16;36;17;38;25;15;95;41;21;32;94;9;22;4;15;10;20;4;20;2;2;3;65;15
"68";"R_1LFK2gQP8Jy7rCl";13;1;9;8;5;10;3;5;4;6;5;27;28;21;17;10;12;60;14;9;13;36;5;9;15;8;4;13;9;6;3;4;12;31;43
"69";"R_1LHFHy1Jn6js89h";23;2;5;6;10;4;6;6;6;7;6;22;34;21;20;17;11;69;12;8;9;29;3;16;6;8;7;13;8;9;3;10;9;37;36
"70";"R_1lmG720lmi19Lgv";29;1;6;6;7;4;6;4;4;9;5;18;33;18;31;18;12;79;32;16;26;74;9;19;8;12;13;16;5;12;1;3;3;53;20
"71";"R_1LoFEIS86lpia2a";48;1;9;7;6;2;4;2;2;5;4;13;28;27;36;28;14;105;34;14;33;81;12;9;6;11;11;19;3;17;1;3;4;58;17
"72";"R_1LpvVonZODYQkBc";31;1;8;5;8;6;9;3;4;7;7;18;39;23;25;21;13;82;40;16;31;87;8;10;10;13;14;18;5;18;1;2;5;63;23
"73";"R_1LRKCe2ThkIENG3";22;2;10;9;10;3;6;5;4;10;8;21;44;17;19;19;12;67;10;8;9;27;3;14;13;9;7;12;10;4;5;10;9;32;47
"74";"R_1LRuXb1EuAO7oiI";42;2;3;5;5;2;4;4;5;8;4;16;24;22;40;21;12;95;37;14;33;84;12;16;11;14;10;18;4;15;2;2;6;57;25
"75";"R_1LuLk85eXnmubbp";29;1;5;5;4;4;4;2;4;4;5;15;22;28;19;13;7;67;28;10;19;57;6;28;6;10;12;16;5;13;1;4;5;51;21
"76";"R_1lyDZxageb3jfm0";44;1;5;2;5;7;5;2;2;8;6;13;29;19;12;9;7;47;18;14;15;47;3;32;9;9;6;16;5;6;2;4;5;37;25
"77";"R_1LZ0H1VpI1wpNV5";27;1;5;6;7;6;4;4;4;5;7;20;28;27;37;24;11;99;23;16;34;73;12;21;11;8;13;17;3;18;1;3;9;56;27
"78";"R_1lzAqx3K8KaXyrW";12;2;6;6;5;6;4;3;4;9;6;19;30;29;39;27;15;110;32;8;32;72;11;11;9;8;7;18;5;8;2;2;7;41;25
"79";"R_1LzjDGJ5YPiToD6";15;1;5;10;8;3;5;9;4;8;5;26;31;28;24;15;9;76;27;9;29;65;8;26;8;13;7;19;7;13;4;3;8;52;30
"80";"R_1mg9Zv8ALT3ZHpb";37;2;6;4;4;5;3;4;3;4;3;16;20;13;14;8;12;47;19;15;12;46;3;30;5;8;5;12;8;8;4;7;10;33;34
"81";"R_1mKwCkJlu7JOHUn";3;2;4;6;5;7;5;6;4;6;6;23;26;22;31;9;10;72;36;14;25;75;11;13;7;7;6;12;6;12;3;5;5;37;26
"82";"R_1mL3CKutmDrdqgw";40;2;6;4;8;2;4;3;2;7;6;11;31;18;18;19;12;67;43;16;32;91;7;10;8;14;12;17;3;13;2;4;3;56;20
"83";"R_1MQglwApu8HkiCD";31;2;8;6;7;4;8;2;2;6;4;14;33;29;35;25;6;95;31;15;19;65;9;29;8;7;6;18;6;12;1;5;4;43;24
"84";"R_1MSdU6tY6GcQtzr";14;1;8;6;7;5;2;3;4;9;7;18;33;19;20;18;11;68;36;20;28;84;8;20;8;9;7;18;5;10;1;3;4;44;21
"85";"R_1n6GSunT6qGaMW4";26;1;10;10;10;9;2;6;6;7;3;31;32;11;23;20;15;69;13;18;9;40;8;43;17;5;9;6;10;7;2;10;11;27;50
"86";"R_1N7Vx3BmMRL3Kyb";31;1;7;6;4;4;2;4;4;4;4;18;21;24;37;23;15;99;37;18;28;83;12;27;7;8;6;17;5;9;1;4;3;40;20
"87";"R_1NftBEGyQtRBzbu";38;2;7;6;10;4;7;4;2;7;8;16;39;23;12;20;13;68;34;13;23;70;3;12;10;12;9;18;7;13;2;4;5;52;28
"88";"R_1NlEOA4QhSWpVQN";28;1;5;4;8;4;3;2;3;7;7;13;30;22;37;21;9;89;35;13;29;77;9;32;4;11;9;19;5;11;1;5;3;50;18
"89";"R_1NmDhku8Gr3gSdv";16;2;6;10;8;5;4;4;4;6;8;23;32;13;16;8;9;46;29;11;12;52;5;20;10;7;7;12;9;11;2;7;4;37;32
"90";"R_1NqaJY5iGhliUmN";20;2;8;8;6;3;6;7;6;6;5;24;31;22;24;24;13;83;33;19;19;71;6;17;12;10;9;14;7;9;2;7;5;42;33
"91";"R_1NqVioq4Gtyi76y";26;2;8;6;8;4;4;2;4;8;7;16;35;20;36;18;11;85;42;17;31;90;9;9;5;12;10;20;5;15;1;3;4;57;18
"92";"R_1Ocp8S67qbr6aSl";17;2;9;8;8;6;2;6;5;7;9;25;35;22;33;23;10;88;26;14;29;69;7;45;13;9;10;14;6;11;3;7;10;44;39
"93";"R_1oe7HhCQUIsv3n7";33;2;6;6;8;7;6;5;3;4;7;21;31;21;22;24;12;79;26;16;27;69;6;36;14;10;10;16;6;8;2;3;9;44;34
"94";"R_1oFvLgMbqIckl9C";32;2;6;7;5;7;4;6;2;7;5;22;27;15;40;19;15;89;33;15;26;74;12;26;8;9;8;16;4;11;2;4;5;44;23
"95";"R_1ON5K92CFZ6sEB9";49;1;5;8;8;6;5;3;4;10;10;21;38;20;30;22;12;84;38;20;31;89;6;29;12;15;14;16;3;14;1;3;4;59;23
"96";"R_1oojOU3pCk9mEXv";3;2;10;4;6;6;4;5;2;2;6;17;28;30;22;21;8;81;46;16;31;93;6;9;6;12;12;20;4;20;1;2;6;64;19
"97";"R_1OqwbEWDT3TyYt1";41;2;5;8;5;7;3;6;2;5;4;23;22;22;17;16;7;62;15;15;9;39;3;31;13;11;6;17;8;6;3;7;10;40;41
"98";"R_1OTvNIjuI1SDrUX";43;1;2;2;6;2;6;2;6;2;2;12;18;26;40;28;15;109;48;16;40;104;12;9;4;8;15;20;2;20;1;2;3;63;12
"99";"R_1OUdIamva6nAeQl";21;1;8;7;9;5;6;2;4;8;8;18;39;18;20;16;12;66;25;15;17;57;6;34;7;14;11;15;5;14;3;5;5;54;25
"100";"R_1OVkHfrxq5uYPPV";37;1;7;9;6;10;3;6;3;4;7;28;27;20;36;24;14;94;42;9;35;86;12;9;7;10;12;19;6;17;2;4;11;58;30
"101";"R_1OYWPszJVQeBVtb";26;2;6;10;6;9;3;8;5;9;3;32;27;21;22;23;8;74;20;11;16;47;7;34;9;13;8;10;7;13;3;3;8;44;30
"102";"R_1pAPG8ifGV1rvfX";22;2;7;6;8;4;4;4;2;9;6;16;34;15;22;16;11;64;36;19;26;81;6;35;7;15;8;13;6;12;2;4;5;48;24
"103";"R_1pKjgBFj4zEyQ0G";38;2;7;5;9;3;4;5;3;4;7;16;31;18;27;14;11;70;23;13;11;47;8;20;10;9;9;18;7;6;2;4;9;42;32
"104";"R_1pPvAyBVKTXs5RY";24;2;6;9;6;7;4;4;3;5;4;23;25;15;12;10;6;43;22;13;12;47;4;31;10;9;7;12;8;7;2;8;6;35;34
"105";"R_1pQYCAklx3odwAZ";8;2;6;6;6;4;4;3;2;7;6;15;29;22;32;22;12;88;43;18;37;98;8;18;5;12;14;20;6;19;1;2;3;65;17
"106";"R_1prpFuQAILzhGgW";33;2;4;5;5;7;4;3;2;5;7;17;25;13;17;11;6;47;20;9;12;41;5;31;13;9;9;12;9;10;2;6;9;40;39
"107";"R_1psW6HsO7Ub5HXm";41;2;10;10;9;6;4;3;3;9;10;22;42;19;32;18;9;78;32;17;29;78;12;20;9;15;10;12;5;17;5;3;5;54;27
"108";"R_1Qa9hsIMTnkZZs1";15;2;4;6;7;3;4;4;2;4;5;15;24;16;17;17;15;65;35;21;28;84;4;34;6;12;9;17;3;11;2;3;4;49;18
"109";"R_1QaojEbafWoFVFc";30;2;6;4;8;3;5;2;4;6;8;13;33;21;21;18;10;70;29;11;21;61;6;19;6;9;9;18;6;13;1;3;6;49;22
"110";"R_1qe6YOZpCiASUVw";26;2;8;10;10;5;6;5;3;6;5;23;35;24;14;14;8;60;33;18;18;69;3;11;9;14;9;18;5;10;2;6;5;51;27
"111";"R_1qfYfMQPjn1u2DA";43;2;4;9;6;6;4;5;4;4;3;24;21;16;28;17;8;69;10;9;10;29;9;37;12;6;5;9;6;8;4;8;4;28;34
"112";"R_1qfYSl2gCCBKShp";38;2;7;5;3;2;4;6;9;3;3;22;20;27;35;25;11;98;26;14;19;59;9;34;5;11;12;17;2;10;2;4;3;50;16
"113";"R_1Qhm0aOovrKRlmg";25;2;4;5;8;6;4;5;2;7;8;18;31;21;19;12;7;59;20;10;12;42;5;28;10;7;5;13;8;9;2;7;9;34;36
"114";"R_1QKt1fsEuAWQ3EJ";40;2;3;7;3;4;4;7;3;4;3;21;17;16;17;15;13;61;29;9;27;65;5;28;5;9;5;12;5;7;3;5;6;33;24
"115";"R_1QKuAsqQ3OQ6LLK";7;1;8;8;6;7;4;3;4;9;6;22;33;23;27;11;10;71;27;18;19;64;8;35;13;10;10;12;10;7;1;9;5;39;38
"116";"R_1QL3qIJfomjkG0u";20;2;6;6;6;6;6;7;8;6;7;27;31;17;23;21;12;73;20;10;13;43;9;23;11;10;7;13;4;12;3;5;9;42;32
"117";"R_1QLslfa6giERkPL";16;2;7;5;5;8;2;6;5;5;5;24;24;20;10;15;13;58;22;15;14;51;4;45;15;10;5;6;6;9;4;10;5;30;40
"118";"R_1qWeQx5b6buXdAn";19;2;5;5;3;7;3;4;2;5;5;18;21;19;21;23;7;70;17;13;10;40;6;24;9;7;5;15;7;6;2;6;8;33;32
"119";"R_1r81moOaBuCVsg9";47;2;9;6;10;6;4;3;4;10;8;19;41;16;32;24;12;84;33;15;23;71;9;21;9;13;11;18;5;13;1;4;6;55;25
"120";"R_1rHbZGA6kHd3Fqg";13;1;10;8;10;6;3;4;2;10;10;20;43;13;37;22;15;87;31;25;21;77;9;45;9;12;5;12;10;4;3;10;3;33;35
"121";"R_1riTVHfIEmlG51B";62;1;10;5;8;4;4;2;4;10;6;15;38;21;32;17;12;82;47;18;37;102;10;20;11;12;13;19;6;20;2;2;6;64;27
"122";"R_1rjdSY0GFXD5ebN";52;2;7;4;4;2;4;4;2;3;6;12;24;17;27;21;12;77;37;17;26;80;7;14;8;10;14;18;2;13;1;2;4;55;17
"123";"R_1rJKmPkNlJqnJva";39;2;8;7;4;10;7;4;2;9;4;23;32;21;25;22;6;74;33;13;23;69;8;20;5;14;11;17;7;10;2;6;5;52;25
"124";"R_1rJMWJ7iJzwsNlD";1;2;8;7;7;6;6;6;3;4;6;22;31;24;23;24;12;83;38;13;30;81;9;9;11;10;10;18;2;14;2;3;4;52;22
"125";"R_1rkQReqgrl6wGky";31;1;7;8;6;10;4;9;3;7;6;30;30;17;16;22;7;62;31;17;20;68;4;20;8;11;9;15;5;10;2;6;4;45;25
"126";"R_1rN5SFtkM9pyqoQ";14;2;7;4;8;4;8;4;4;6;8;16;37;28;22;14;4;68;40;14;30;84;7;9;11;14;15;18;4;18;1;5;3;65;24
"127";"R_1rr00J00pWhDQnu";5;2;5;6;5;4;5;4;2;7;4;16;26;20;29;20;12;81;28;14;28;70;12;17;8;8;7;18;3;11;2;2;3;44;18
"128";"R_1rwAJ5eRWrcLyRi";23;2;5;8;6;3;5;9;4;3;3;24;22;20;15;20;14;69;26;15;13;54;4;31;9;6;7;11;8;7;2;7;6;31;32
"129";"R_1XKPWwClPDM64WB";8;1;10;7;8;4;2;2;4;7;10;17;37;28;36;28;12;104;47;19;39;105;12;15;12;14;14;16;6;20;1;2;3;64;24
"130";"R_20UpxeRfP9DLp3u";34;1;7;4;5;5;5;2;2;5;5;13;27;28;40;27;6;101;45;15;32;92;12;9;6;10;9;20;3;11;2;2;5;50;18
"131";"R_216bEFqMfzn2kYe";55;1;5;5;5;4;4;2;4;6;4;15;24;18;39;21;12;90;39;16;36;91;12;10;8;7;8;18;4;13;1;2;3;46;18
"132";"R_21cEqECzQ5wwgBp";37;1;6;5;4;5;5;4;2;4;7;16;26;23;19;12;10;64;20;13;10;43;6;19;9;7;8;15;10;7;2;6;8;37;35
"133";"R_21jmkVlyWlh0d17";35;2;7;7;8;6;7;4;4;4;9;21;35;17;39;24;11;91;31;16;22;69;12;24;7;8;8;16;5;10;4;4;6;42;26
"134";"R_22IXhZ8OHywHn4u";61;2;6;5;6;6;5;4;2;6;6;17;29;20;15;12;6;53;44;15;27;86;3;9;11;18;10;19;4;17;2;3;3;64;23
"135";"R_22JiGuAMBj1VEgn";45;2;8;4;9;2;8;4;2;5;10;12;40;23;38;29;15;105;48;16;39;103;12;9;13;16;14;20;5;16;1;3;3;66;25
"136";"R_22JJFldBMq19XdB";33;2;7;8;8;4;3;2;3;8;8;17;34;23;30;23;12;88;30;13;16;59;7;28;8;11;9;18;5;12;3;5;6;50;27
"137";"R_22nuAq9l67YkqtC";35;2;8;8;9;3;7;4;4;6;6;19;36;24;33;26;12;95;39;18;27;84;10;12;11;12;9;18;6;9;3;4;5;48;29
"138";"R_22PMhaHtzBIZaS7";46;2;10;4;5;3;5;5;3;6;9;15;35;19;27;21;15;82;23;15;13;51;7;30;10;6;8;15;9;7;2;6;8;36;35
"139";"R_22VLO0kbNfjvUwk";5;2;4;7;7;6;6;2;4;7;4;19;28;19;37;14;6;76;18;13;16;47;12;18;12;10;6;14;6;6;4;7;9;36;38
"140";"R_22wSXvArhWyp6M2";41;1;5;4;4;3;6;7;7;4;5;21;24;25;22;13;9;69;29;12;18;59;6;14;10;8;6;16;6;12;1;4;6;42;27
"141";"R_22WzdX4rO5fWJuy";26;2;8;3;8;5;4;2;4;7;7;14;34;11;18;15;13;57;38;18;23;79;3;22;7;9;9;15;6;12;1;6;6;45;26
"142";"R_22xID321eeHeeke";49;2;4;6;5;8;4;2;2;7;6;18;26;19;35;21;12;87;35;17;24;76;12;19;11;12;11;15;6;9;3;2;3;47;25
"143";"R_22yULbOdw924Olq";59;2;5;5;2;5;4;2;3;6;5;15;22;18;15;10;12;55;22;12;10;44;3;29;11;10;6;15;7;8;3;6;7;39;34
"144";"R_22Zo5OUCfAJr6lb";36;2;6;6;8;4;4;4;4;8;7;18;33;10;20;18;12;60;25;13;17;55;6;36;9;11;8;9;7;10;4;7;6;38;33
"145";"R_23gChvehX0dr79J";8;2;8;8;8;5;6;4;2;7;7;19;36;19;25;21;12;77;32;19;29;80;7;20;13;14;11;14;5;13;4;5;7;52;34
"146";"R_23WWyqqN6PNZYyh";27;2;6;6;6;5;4;2;4;7;6;17;29;15;22;15;13;65;22;15;17;54;6;29;11;9;7;12;8;10;3;5;9;38;36
"147";"R_24ACOV6LyuWPqyG";45;2;7;6;6;4;4;5;4;6;6;19;29;22;18;12;8;60;26;15;16;57;5;23;11;8;8;16;5;7;2;4;8;39;30
"148";"R_24CxDlOxFNIRyWJ";19;2;5;10;8;10;5;5;2;8;6;27;32;15;19;11;12;57;16;11;22;49;5;31;8;8;5;16;6;9;5;6;5;38;30
"149";"R_24dgrLnO8mAzf8D";26;2;7;9;10;8;9;5;3;8;9;25;43;26;37;30;12;105;28;16;32;76;8;28;9;13;14;14;6;16;4;4;5;57;28
"150";"R_24MztbDkZTGrBwC";29;2;4;8;6;3;8;4;4;6;5;19;29;13;34;26;12;85;26;16;16;58;10;17;6;12;11;14;6;16;4;4;5;53;25
"151";"R_24q0KBwngrcIsO6";5;1;9;3;4;7;8;5;2;8;10;17;39;12;25;9;12;58;18;11;21;50;7;32;7;6;7;12;7;7;2;8;9;32;33
"152";"R_24vEw8qbXDH15ry";35;1;10;10;10;4;4;3;2;10;8;19;42;26;37;30;14;107;41;21;32;94;11;12;6;13;8;16;4;12;2;3;3;49;18
"153";"R_25TreCTxXFhlFAp";34;2;9;10;4;7;4;4;2;7;5;23;29;22;30;22;6;80;25;17;15;57;9;27;12;12;9;16;7;9;2;9;10;46;40
"154";"R_269maf7IDLTxqvX";41;2;8;5;8;3;8;4;4;6;8;16;38;17;32;14;15;78;24;12;17;53;9;9;7;12;14;16;6;13;2;7;5;55;27
"155";"R_26hV0EBNFeCjUa2";34;2;6;6;4;4;4;3;2;6;5;15;25;14;15;12;11;52;16;13;11;40;6;38;12;11;10;11;8;10;3;10;9;42;42
"156";"R_27Ik1vBj1heIErz";20;1;7;5;8;7;2;4;4;10;7;20;34;28;24;12;15;79;34;14;24;72;7;18;5;14;9;20;6;13;2;3;4;56;20
"157";"R_27UWhSrLRh5xSIG";32;2;4;10;5;7;3;9;6;4;6;32;22;19;17;10;7;53;20;12;10;42;6;31;10;11;9;12;7;11;5;5;8;43;35
"158";"R_27xvb8m8VAwslHO";20;1;4;6;4;5;2;7;5;5;4;23;19;11;26;13;11;61;20;16;19;55;8;36;14;7;5;8;9;6;3;9;7;26;42
"159";"R_28Am2GSUyyKMCar";37;1;10;5;8;5;2;3;4;6;3;17;29;28;39;26;13;106;36;17;26;79;9;9;4;12;13;19;5;19;1;3;4;63;17
"160";"R_28NBEnEvblZnwi2";44;1;6;6;4;5;4;5;4;6;6;20;26;20;16;17;10;63;24;14;18;56;4;13;10;8;7;15;8;8;2;4;9;38;33
"161";"R_28XP45wW0rJ5Opp";21;2;6;6;8;9;6;4;2;6;6;21;32;7;29;6;10;52;25;11;15;51;9;35;9;10;8;11;4;9;3;4;6;38;26
"162";"R_299WjoaHbMOWN9F";46;1;5;7;4;10;3;4;2;5;4;23;21;20;8;7;8;43;10;9;8;27;3;28;10;9;5;13;7;7;3;9;12;34;41
"163";"R_2aDoCONelMl4tN1";35;2;4;4;9;4;3;4;3;7;5;15;28;22;18;12;11;63;24;14;11;49;6;24;11;9;7;15;6;9;2;7;7;40;33
"164";"R_2aENTBK01AhniCL";40;2;5;5;8;4;4;2;2;7;9;13;33;14;18;23;12;67;26;14;19;59;9;20;8;9;8;16;6;8;4;8;8;41;34
"165";"R_2aFhgEexoIBYW60";34;2;7;5;7;6;7;3;2;8;9;16;38;21;14;12;8;55;24;15;14;53;6;30;10;6;6;14;7;6;2;6;8;32;33
"166";"R_2agVZ0tsn6MWTKE";18;1;8;7;9;4;4;4;8;10;8;23;39;19;24;9;14;66;39;18;30;87;7;18;11;14;11;16;5;14;2;5;5;55;28
"167";"R_2AM76JZPqjNC0sk";50;1;9;4;8;10;4;3;2;10;9;19;40;23;26;17;12;78;27;12;20;59;8;10;8;9;11;17;6;13;3;5;6;50;28
"168";"R_2anliyQ5GqiwH4e";58;1;4;6;6;4;5;4;3;6;4;17;25;16;31;19;11;77;44;17;32;93;8;11;5;8;12;17;3;16;1;3;5;53;17
"169";"R_2b18PqBxFaNcTIf";37;2;6;10;6;7;5;7;7;7;5;31;29;18;24;21;12;75;17;13;12;42;8;32;12;12;7;7;9;6;4;10;5;32;40
"170";"R_2BfzKyp87C4ENAG";27;2;9;10;10;8;4;8;6;7;8;32;38;22;32;26;13;93;40;24;28;92;9;30;15;10;8;12;7;12;3;10;6;42;41
"171";"R_2bV2APwmmMX7faM";37;1;8;4;5;3;4;2;4;4;6;13;27;15;40;17;15;87;36;13;27;76;12;10;6;6;6;19;4;9;1;3;4;40;18
"172";"R_2ByVVzJHjVank94";47;1;7;3;7;2;2;2;2;5;2;9;23;20;19;12;7;58;34;11;24;69;6;18;7;9;7;17;7;8;1;4;4;41;23
"173";"R_2CJpEIwq5AX8Uf9";30;2;8;4;8;4;7;3;2;8;8;13;39;21;20;13;11;65;20;10;14;44;4;25;6;8;5;11;6;6;3;6;10;30;31
"174";"R_2Ck0XEePeY6IrID";25;2;5;7;4;7;2;8;4;7;4;26;22;16;26;22;11;75;26;16;21;63;9;35;9;12;6;10;6;7;3;6;6;35;30
"175";"R_2CkcoNpadhlzYQB";31;2;7;4;7;5;4;3;2;5;5;14;28;20;22;20;11;73;30;11;23;64;4;15;7;10;8;17;6;9;2;5;6;44;26
"176";"R_2cnk5xPbQBsA6fL";13;2;4;5;5;5;4;4;2;7;5;16;25;25;32;24;9;90;20;15;25;60;9;28;9;11;8;12;7;9;2;8;5;40;31
"177";"R_2cqs8L9PVJhQleN";48;2;5;6;4;5;4;2;5;4;5;18;22;19;13;14;9;55;31;12;20;63;3;11;9;8;6;17;5;8;2;3;6;39;25
"178";"R_2CqsCGhESR8pbgf";31;2;8;6;9;8;4;4;3;6;4;21;31;21;14;12;12;59;37;14;20;71;7;9;7;10;12;17;7;10;2;8;4;49;28
"179";"R_2CrL8GX7tAJGU3n";28;2;10;9;9;3;5;5;4;8;6;21;38;22;28;22;12;84;10;11;9;30;9;30;12;9;9;13;10;7;3;10;11;38;46
"180";"R_2cu20jswoVl5DLB";30;2;9;8;10;4;6;3;2;10;9;17;44;30;26;23;12;91;27;9;14;50;8;10;11;8;12;18;7;13;1;2;5;51;26
"181";"R_2CxYRImd0HMhkUi";27;2;9;8;10;4;7;3;4;10;7;19;43;24;32;23;15;94;37;15;23;75;9;12;9;9;12;19;6;9;1;3;3;49;22
"182";"R_2D1g93cqLG3Dqzj";39;2;4;4;5;7;6;2;2;10;9;15;34;21;14;8;14;57;21;13;9;43;3;21;5;7;10;15;7;8;1;7;10;40;30
"183";"R_2D2LYEqtkPEEdxW";51;1;10;2;10;6;4;3;2;10;10;13;44;21;30;18;12;81;36;17;22;75;9;10;9;12;9;20;6;13;1;5;9;54;30
"184";"R_2dMa3cr8rnSx8Ny";28;2;10;7;10;6;8;3;2;9;10;18;47;27;36;24;12;99;41;18;27;86;10;15;10;12;13;17;5;18;2;3;4;60;24
"185";"R_2dmgfPtUQ3hV23h";29;3;10;4;10;3;4;2;3;9;2;12;35;9;40;29;15;93;14;12;25;51;12;18;9;14;14;20;10;11;3;9;9;59;40
"186";"R_2drIgu0Eso6HdVk";22;2;5;5;5;6;5;5;5;4;5;21;24;20;16;10;9;55;14;13;9;36;5;33;15;8;8;8;9;6;2;8;13;30;47
"187";"R_2dsbuNumhgeOFy9";26;2;8;6;9;6;7;3;3;8;4;18;36;17;28;20;6;71;41;17;20;78;9;22;5;8;13;16;5;14;3;6;4;51;23
"188";"R_2e5qxqB7K2RnTUg";8;2;6;5;10;3;5;2;2;6;8;12;35;27;27;14;9;77;35;17;15;67;7;42;10;13;7;10;8;11;4;6;8;41;36
"189";"R_2e9VJs8Arx3iiSD";48;1;7;5;4;4;4;4;2;5;5;15;25;18;25;12;9;64;29;13;21;63;7;30;10;8;7;16;5;8;1;4;4;39;24
"190";"R_2EgFLEXTh6mXrMH";30;2;4;5;9;7;4;5;2;6;4;19;27;12;20;19;12;63;30;13;21;64;6;18;6;11;8;19;4;9;2;3;6;47;21
"191";"R_2EtnhKk4OgqKXvW";28;2;6;7;8;4;4;4;5;8;5;20;31;26;25;17;7;75;23;12;15;50;9;33;12;11;9;12;6;9;2;7;8;41;35
"192";"R_2fBx8EyQYZLkhsZ";24;1;7;5;6;4;4;4;5;6;4;18;27;21;25;18;12;76;35;16;33;84;7;23;4;8;8;18;4;10;2;3;4;44;17
"193";"R_2fecTjjFcCbJ5Vr";51;2;6;6;5;4;4;3;4;6;6;17;27;21;29;23;8;81;44;14;31;89;9;26;6;11;11;15;4;16;2;2;6;53;20
"194";"R_2fIJtVCIYywIV0Z";27;2;4;6;9;5;5;4;4;6;7;19;31;26;32;27;12;97;45;19;39;103;11;19;13;13;9;18;6;13;2;3;3;53;27
"195";"R_2fq9DGzocRTPAYp";52;2;7;6;7;4;3;3;4;9;5;17;31;17;22;14;12;65;30;12;16;58;6;25;10;9;11;17;6;8;2;5;4;45;27
"196";"R_2fqU70AHqfuXMxU";32;2;4;8;3;8;2;8;6;5;3;30;17;10;26;13;14;63;27;13;21;61;8;28;10;9;7;13;5;7;3;8;6;36;32
"197";"R_2fycJCRuuRRzdVl";41;2;5;6;6;4;2;3;2;8;6;15;27;15;38;15;12;80;36;17;19;72;9;26;7;7;7;15;4;5;2;6;3;34;22
"198";"R_2izD544TclOWtEt";42;2;10;6;10;5;4;2;3;10;9;16;43;26;31;20;9;86;33;14;22;69;8;15;5;9;11;18;5;16;1;3;3;54;17
"199";"R_2OUpKCY2Gks6JyH";55;1;10;5;7;3;5;2;3;3;6;13;31;24;35;24;12;95;42;15;37;94;12;12;12;12;15;19;2;16;1;3;4;62;22
"200";"R_2OW43ATa3gSOYTr";25;2;9;4;8;4;5;2;4;9;4;14;35;22;19;15;12;68;26;13;11;50;7;23;8;8;10;16;8;11;1;7;7;45;31
"201";"R_2P0alGLSGddJuCu";54;1;3;6;2;5;2;3;3;5;4;17;16;17;23;14;11;65;20;12;9;41;5;36;6;10;6;13;7;9;3;6;10;38;32
"202";"R_2P7m9Pb8O3GhRp0";52;1;5;6;5;5;4;3;3;5;5;17;24;25;37;21;9;92;33;16;25;74;9;9;9;10;8;19;3;9;2;3;4;46;21
"203";"R_2PdJa3mbYi7SJzK";48;2;7;9;7;4;4;7;4;6;5;24;29;21;24;19;15;79;30;14;23;67;7;20;10;11;9;15;7;8;2;6;7;43;32
"204";"R_2pJC4R3QdK2E7PL";24;2;7;5;7;6;6;4;4;4;4;19;28;16;11;14;9;50;15;12;9;36;6;33;15;8;5;11;10;7;3;10;7;31;45
"205";"R_2PtDysu4q13ViH3";24;2;5;9;8;5;5;7;6;8;7;27;33;18;21;13;12;64;29;12;14;55;6;9;11;8;10;19;4;16;2;6;7;53;30
"206";"R_2pYtW9EEiXvDaFn";4;2;4;5;4;4;4;2;4;3;4;15;19;8;18;9;11;46;20;16;13;49;6;38;7;7;4;8;7;6;2;6;5;25;27
"207";"R_2qezWlGrs2TDa9T";53;2;4;4;4;2;5;4;2;4;8;12;25;16;19;16;12;63;33;12;21;66;6;10;6;6;12;19;4;8;1;3;4;45;18
"208";"R_2QFgHkaggnza7Qb";49;2;7;8;7;4;4;4;2;5;6;18;29;25;38;26;15;104;30;14;29;73;9;14;9;12;7;18;4;14;2;4;5;51;24
"209";"R_2qguLP6TJy8Jzod";29;1;10;6;9;4;7;3;4;8;6;17;40;26;22;9;10;67;21;15;17;53;4;32;8;13;11;12;7;12;3;10;6;48;34
"210";"R_2QQbk0yXSsIn8pC";25;2;5;5;9;6;5;2;2;7;5;15;31;9;12;14;12;47;22;16;13;51;4;45;10;8;6;5;7;9;4;8;8;28;37
"211";"R_2QVuKOAjhEV36St";24;2;8;7;8;6;6;4;4;6;8;21;36;21;35;21;15;92;25;17;15;57;12;9;9;10;10;18;5;12;3;3;4;50;24
"212";"R_2QWgHY2FSKsg34T";55;1;5;3;8;4;5;2;2;5;7;11;30;18;30;19;11;78;39;15;29;83;9;11;9;7;11;19;3;13;2;2;7;50;23
"213";"R_2QYTxR4C2SnL9q7";38;2;7;8;4;8;4;6;2;4;5;24;24;11;15;12;13;51;26;14;15;55;5;9;14;8;9;13;8;11;3;6;9;41;40
"214";"R_2RamBp2daJCZtbw";37;2;4;8;5;4;4;7;4;6;4;23;23;26;28;13;11;78;40;18;29;87;9;10;10;8;14;17;6;15;1;3;3;54;23
"215";"R_2rNnzhTstzjZYJV";42;2;5;8;8;4;4;8;5;8;4;25;29;20;20;16;13;69;34;14;22;70;7;15;12;12;11;18;6;12;2;5;7;53;32
"216";"R_2rYg3D9xvuxrC7Z";45;2;9;4;9;3;10;4;2;10;10;13;48;20;38;30;14;102;46;16;37;99;11;9;13;7;11;20;4;12;1;3;3;50;24
"217";"R_2S1U3pIpsMIbDn8";44;1;7;5;6;4;4;3;2;5;7;14;29;19;20;22;12;73;43;17;34;94;6;10;9;9;9;18;3;13;1;4;4;49;21
"218";"R_2SeEioZsA6UWAvc";42;1;4;3;4;2;2;3;2;3;6;10;19;19;26;21;10;76;33;16;27;76;9;17;13;13;6;20;2;17;2;3;4;56;24
"219";"R_2SkILRGIkOgQWV6";25;2;7;9;4;7;4;6;2;4;4;24;23;9;15;11;7;42;13;9;10;32;4;36;10;7;7;13;8;7;3;4;10;34;35
"220";"R_2SlDA3ffw4HSxNf";14;2;4;5;6;5;5;3;4;5;4;17;24;21;18;17;9;65;21;9;13;43;6;27;9;6;9;12;8;8;4;8;9;35;38
"221";"R_2t5N5ueDDseSvlV";4;2;5;5;4;10;3;7;3;6;3;25;21;7;18;6;14;45;22;8;14;44;6;27;8;4;5;12;8;4;3;9;12;25;40
"222";"R_2t5zylYUl7h7C4J";42;2;6;9;7;4;3;3;4;7;6;20;29;21;29;7;13;70;26;14;13;53;7;27;10;8;11;17;6;8;4;6;8;44;34
"223";"R_2tbeGJwjsBz1pZT";34;1;8;4;6;4;4;2;2;4;5;12;27;29;39;27;7;102;39;17;28;84;11;9;5;7;10;20;3;14;1;2;3;51;14
"224";"R_2tgn42tSuqrRh5a";28;2;4;3;9;6;3;2;4;4;6;15;26;23;24;24;12;83;34;14;20;68;7;15;5;8;8;19;6;14;1;3;4;49;19
"225";"R_2thxFW9R8pIwGx6";28;2;10;9;9;10;6;4;2;7;6;25;38;6;30;9;12;57;27;12;11;50;11;9;11;8;11;16;8;11;5;6;9;46;39
"226";"R_2tmMNagX2gksdrh";34;2;10;6;10;2;9;4;2;4;9;14;42;20;37;23;13;93;41;13;28;82;12;19;11;11;13;19;8;17;4;5;5;60;33
"227";"R_2TmWnJP2832gpH0";41;1;5;7;4;4;2;4;4;9;5;19;25;19;18;8;5;50;24;10;14;48;5;15;10;6;5;16;6;10;3;6;6;37;31
"228";"R_2TnqTAGR4lkAM2k";44;2;4;9;4;7;4;8;10;5;4;34;21;20;15;18;12;65;18;11;13;42;3;36;7;9;7;13;7;6;2;7;5;35;28
"229";"R_2TTNqjyX6bdYv6X";30;1;8;2;5;7;2;4;2;8;6;15;29;26;18;6;4;54;24;16;15;55;6;32;8;6;10;10;9;4;1;6;4;30;28
"230";"R_2TyIJTAmjBbH9sx";36;1;5;6;7;5;5;3;2;7;6;16;30;26;40;18;12;96;37;19;24;80;12;19;8;11;9;20;5;14;1;3;4;54;21
"231";"R_2tyUGfRUVVhxvbz";43;2;6;4;6;5;6;2;3;4;5;14;27;18;28;15;12;73;23;12;12;47;9;19;12;6;8;12;8;7;3;10;9;33;42
"232";"R_2U3qGUO6yG2FgTp";38;2;7;7;10;4;7;2;2;9;8;15;41;21;26;24;13;84;45;16;28;89;7;19;14;14;13;19;5;18;1;3;3;64;26
"233";"R_2U5yC6tZFxK0y2D";17;2;7;10;7;9;2;6;2;4;4;27;24;21;20;24;8;73;26;15;20;61;4;28;8;9;5;15;7;7;4;6;12;36;37
"234";"R_2UaQQkFi8mjLPdQ";25;2;6;8;2;9;2;10;4;4;3;31;17;22;14;16;6;58;11;12;9;32;3;31;16;12;3;10;10;5;5;9;8;30;48
"235";"R_2uDKYKcfNuZsf5E";49;2;9;5;5;3;4;2;2;7;7;12;32;27;36;24;14;101;39;14;34;87;9;10;4;9;11;16;4;19;1;2;3;55;14
"236";"R_2Uf3ot1yjxUwBTw";31;2;10;8;10;4;8;4;4;10;9;20;47;15;33;23;12;83;27;11;23;61;9;30;11;11;13;16;5;10;2;6;5;50;29
"237";"R_2uHXC5gNsVv10q6";19;2;6;5;8;5;6;4;4;9;7;18;36;18;40;30;15;103;29;17;25;71;12;27;9;12;10;17;7;12;2;6;8;51;32
"238";"R_2uplPr4U50F3Yhe";22;2;8;7;8;5;6;5;4;7;7;21;36;23;35;25;12;95;38;18;32;88;10;32;12;12;13;17;6;12;2;4;4;54;28
"239";"R_2urMRmwaou3bv1z";16;1;6;7;8;5;6;3;4;8;5;19;33;21;34;24;12;91;32;14;25;71;9;18;7;11;10;17;3;12;4;3;5;50;22
"240";"R_2uUqgGCXifU6bv0";6;2;6;8;7;3;7;5;7;7;7;23;34;20;23;21;12;76;37;21;20;78;7;34;12;13;13;15;6;16;4;5;4;57;31
"241";"R_2uy5yvuY4eryM7U";16;2;8;4;9;7;6;3;4;9;6;18;38;16;17;8;12;53;27;20;21;68;3;45;11;8;9;12;7;11;2;8;6;40;34
"242";"R_2V1JGSzBzHWXV5T";29;1;9;6;8;4;7;2;2;8;9;14;41;28;31;24;13;96;41;16;32;89;9;13;10;13;12;18;5;14;2;3;4;57;24
"243";"R_2v80b6xpqp8oM0W";29;2;6;5;7;4;4;2;2;4;5;13;26;25;12;17;3;57;18;15;11;44;4;14;7;13;8;15;7;15;3;10;9;51;36
"244";"R_2VedVRBDqi7Rszo";22;2;5;6;7;6;3;3;2;6;7;17;28;26;32;19;11;88;34;19;26;79;7;24;10;9;9;18;6;13;2;5;6;49;29
"245";"R_2VfhpuhfjXlGv50";21;2;8;9;8;9;6;4;4;7;7;26;36;18;20;6;12;56;22;19;19;60;10;33;10;14;10;11;9;11;4;4;9;46;36
"246";"R_2Vfj2s72Vs6zlRd";16;2;10;3;10;7;10;2;2;6;9;14;45;22;14;11;11;58;22;11;16;49;4;23;11;10;13;14;6;12;2;6;5;49;30
"247";"R_2Vgo2Ca1LJjsP5w";27;1;10;2;8;2;7;3;2;9;9;9;43;24;38;23;10;95;41;24;38;103;12;22;9;15;11;19;4;16;1;5;5;61;24
"248";"R_2vk6BRnmQ8ICTaO";43;2;7;5;10;5;4;2;2;9;6;14;36;18;29;28;15;90;44;17;34;95;10;9;8;18;12;20;5;20;1;3;3;70;20
"249";"R_2VNIPhGuHLaMXIi";51;1;6;4;8;4;3;2;3;6;5;13;28;27;40;21;14;102;35;13;32;80;9;13;12;7;8;18;4;11;1;3;4;44;24
"250";"R_2VwNktc25sdSDpF";38;1;10;8;7;9;5;2;3;7;9;22;38;24;40;28;14;106;45;13;40;98;12;9;4;8;15;20;6;18;1;2;5;61;18
"251";"R_2VwQTH7RAeIhTMC";36;2;5;6;4;5;5;4;2;3;3;17;20;24;17;22;11;74;28;15;21;64;6;18;9;9;8;17;5;7;2;3;6;41;25
"252";"R_2w0TuWi6zXDqQ5w";4;2;7;8;4;9;4;5;2;9;7;24;31;20;26;12;10;68;11;8;8;27;5;28;9;6;8;10;10;6;2;7;15;30;43
"253";"R_2w0vVzzWbhVsODF";24;2;8;8;9;4;5;4;4;8;7;20;37;20;26;22;12;80;32;17;19;68;6;18;6;15;10;18;3;15;4;5;5;58;23
"254";"R_2wczYg6QniOmhbf";46;2;10;6;7;5;8;2;4;7;10;17;42;27;30;20;11;88;41;13;24;78;10;9;14;14;11;19;4;13;1;2;5;57;26
"255";"R_2wELdKsyhPdUuw3";11;1;6;10;8;6;4;5;2;9;4;23;31;24;24;18;12;78;37;18;32;87;7;25;11;8;10;17;4;11;2;4;4;46;25
"256";"R_2wgHt1acvs7uWzS";33;2;8;10;10;7;3;6;7;9;7;30;37;9;16;8;9;42;21;12;11;44;4;18;9;12;6;18;7;13;4;6;8;49;34
"257";"R_2WGrxICJ5cuuNS6";45;2;3;6;6;2;2;5;2;8;5;15;24;19;22;20;12;73;33;11;20;64;8;9;11;5;7;19;5;16;1;3;5;47;25
"258";"R_2wHJEKxrhekpE9X";34;2;7;6;7;6;4;3;3;6;5;18;29;21;19;14;11;65;25;11;15;51;4;12;9;8;9;14;7;7;3;4;6;38;29
"259";"R_2wReFoQyeTM7vG6";22;2;6;5;7;4;6;3;3;7;7;15;33;22;24;22;12;80;33;14;20;67;6;18;12;10;11;16;5;11;2;3;5;48;27
"260";"R_2wvMZf2rA0BYifQ";14;1;4;6;4;4;6;4;6;5;6;20;25;24;32;28;11;95;34;16;28;78;11;20;12;12;8;16;3;15;3;5;7;51;30
"261";"R_2Wx4vxckQdcTXzm";30;2;5;9;6;10;2;8;5;5;4;32;22;10;8;12;9;39;15;16;8;39;3;18;13;5;4;8;9;5;4;9;7;22;42
"262";"R_2XjPhe0rRxrwbE3";12;2;5;6;8;7;8;5;6;8;4;24;33;30;36;30;12;108;26;17;38;81;10;28;11;8;10;15;7;12;2;5;7;45;32
"263";"R_2xRaT0iqhOiaM0r";30;2;9;5;8;4;7;3;2;7;9;14;40;20;34;22;15;91;35;16;24;75;10;32;5;10;9;17;5;12;2;4;7;48;23
"264";"R_2ydBQViXg4LDczz";5;2;8;7;8;4;8;3;4;5;7;18;36;24;40;24;12;100;38;17;30;85;12;20;7;11;11;17;5;10;1;3;6;49;22
"265";"R_2Yh8xnyoOfngKRO";1;2;4;8;4;7;8;9;3;3;9;27;28;9;12;15;6;42;21;18;17;56;3;39;10;15;6;8;5;9;3;5;6;38;29
"266";"R_2yjEyT64X933Vfq";20;2;5;7;6;7;4;3;2;8;7;19;30;22;21;19;12;74;31;13;26;70;6;21;7;9;8;15;5;11;2;3;4;43;21
"267";"R_2Ym6REJ8FEcbWuN";33;2;7;8;9;10;6;5;2;8;8;25;38;10;14;24;12;60;26;10;22;58;3;43;12;13;9;12;7;10;2;7;9;44;37
"268";"R_2Ynu21jZGaFaR0B";13;2;8;9;8;6;4;4;4;10;6;23;36;26;33;14;12;85;35;20;27;82;9;15;7;12;9;15;5;13;4;7;9;49;32
"269";"R_2YsIKyYxEw9uvth";25;2;6;10;6;10;3;10;2;10;6;32;31;19;9;9;9;46;35;14;22;71;3;26;11;14;9;15;9;10;5;6;12;48;43
"270";"R_2YYwRyWgICjxHxJ";41;1;6;5;6;5;4;3;2;5;6;15;27;19;25;16;9;69;35;12;25;72;7;14;6;9;10;18;4;12;2;3;5;49;20
"271";"R_2z6XLE6oCliASQ8";15;2;4;8;5;8;2;6;3;7;3;25;21;14;31;22;13;80;21;8;16;45;9;37;13;7;7;11;7;8;2;8;11;33;41
"272";"R_2ZCgnVtHXwi9Guy";34;2;10;4;10;8;6;2;2;8;9;16;43;25;25;12;6;68;28;12;15;55;7;11;9;9;12;19;6;7;1;6;8;47;30
"273";"R_2zehWonKV5cVs7i";23;2;6;6;5;10;2;5;2;10;4;23;27;22;12;9;11;54;26;13;14;53;4;32;9;6;7;15;6;7;1;5;6;35;27
"274";"R_2ziGenMUX2yciRb";41;2;8;8;8;5;8;5;2;8;8;20;40;17;18;24;12;71;36;15;27;78;6;9;7;12;9;17;4;9;1;4;3;47;19
"275";"R_2zJbSzggOUDK0Sv";17;2;4;10;7;9;2;6;3;10;3;28;26;16;22;24;6;68;20;13;13;46;6;23;9;9;6;9;9;9;5;8;7;33;38
"276";"R_2ZJGXlqrKla2Hvl";41;1;10;10;3;5;2;6;8;8;6;29;29;20;35;24;15;94;33;11;26;70;12;14;6;9;9;16;6;7;2;3;7;41;24
"277";"R_2zTOKW8Ufdl0IKR";44;2;10;8;7;10;4;4;2;7;3;24;31;25;14;22;12;73;32;12;21;65;4;17;12;10;10;15;5;11;1;6;8;46;32
"278";"R_2zXSqJnui45drQG";40;2;5;6;4;5;4;5;3;6;5;19;24;18;19;15;9;61;29;14;15;58;6;10;10;9;6;14;7;9;2;7;8;38;34
"279";"R_300GJDNUlfEmLMa";35;3;4;9;6;4;3;4;2;4;3;19;20;25;16;17;9;67;26;10;17;53;5;18;7;7;9;17;4;10;2;4;6;43;23
"280";"R_300sgaxl6kMFD3N";37;2;6;6;8;4;2;4;6;5;9;20;30;19;19;22;12;72;23;12;11;46;7;24;11;6;12;19;6;13;1;6;4;50;28
"281";"R_30q1q2ebZ78vRdI";53;1;10;4;10;6;8;2;2;8;10;14;46;21;30;19;13;83;43;15;30;88;9;9;10;7;11;20;6;15;1;3;7;53;27
"282";"R_30wcHmb9ZtzUpKD";17;2;4;7;5;9;4;9;4;6;7;29;26;18;14;12;12;56;29;11;16;56;3;18;7;8;7;15;5;13;2;4;6;43;24
"283";"R_31AbNiNaq0WOFxq";49;2;6;4;4;4;2;3;4;2;6;15;20;22;23;17;12;74;40;12;24;76;7;12;8;12;10;19;4;8;2;2;4;49;20
"284";"R_31n4C87C6rcw3nZ";13;2;8;7;10;4;6;4;2;10;7;17;41;14;29;19;12;74;32;17;17;66;9;41;7;11;7;12;6;11;2;7;8;41;30
"285";"R_31Xmn28EMg8NZWi";22;2;8;10;6;8;4;7;4;7;8;29;33;27;36;27;10;100;27;18;29;74;12;21;17;9;10;16;6;15;2;4;5;50;34
"286";"R_31zrvCPVDA5o2pb";58;2;7;5;10;3;6;5;2;10;9;15;42;16;27;24;13;80;29;16;35;80;6;10;18;14;15;19;3;16;2;3;8;64;34
"287";"R_324u3OE71XsZ4eb";4;1;7;6;8;4;8;5;4;9;5;19;37;29;38;27;9;103;18;10;28;56;12;13;7;9;7;14;5;7;2;3;10;37;27
"288";"R_32L9nOkzSYYJEmF";13;2;8;6;7;8;6;7;5;7;5;26;33;14;12;11;7;44;20;12;12;44;4;44;14;9;6;9;9;8;3;9;9;32;44
"289";"R_32WIzRfkLtyW1Tu";24;2;6;9;7;9;6;4;4;8;8;26;35;25;35;16;12;88;26;15;24;65;12;34;14;16;8;12;3;11;4;5;4;47;30
"290";"R_3axJwOMCeBxunS1";27;2;6;7;6;8;4;5;2;9;5;22;30;10;14;8;12;44;20;18;10;48;6;33;13;13;5;14;7;7;4;8;5;39;37
"291";"R_3CDfnzZ7xZ06V4B";39;1;8;6;9;4;6;2;4;10;9;16;42;18;39;30;11;98;33;17;24;74;11;28;9;9;13;18;6;15;1;5;4;55;25
"292";"R_3CHg7Ww36SHc7vd";21;2;7;8;7;8;5;8;4;8;7;28;34;19;22;18;12;71;25;12;17;54;6;37;9;12;10;11;6;10;3;8;5;43;31
"293";"R_3CJKD7nXVIicx2u";31;2;7;8;7;4;4;3;4;8;4;19;30;20;18;20;10;68;24;10;12;46;6;20;10;9;9;17;7;12;2;8;4;47;31
"294";"R_3CK6mwkhKG2KuZC";51;1;8;3;8;3;8;3;2;7;7;11;38;23;36;30;15;104;44;21;38;103;12;9;11;8;15;17;5;12;1;2;4;52;23
"295";"R_3CNH6ZNGIRxQ1fk";20;2;6;5;6;4;5;2;3;6;5;14;28;27;40;27;12;106;44;15;36;95;11;9;11;10;11;20;3;18;2;2;4;59;22
"296";"R_3CTyQHw7q3ATLZ5";32;2;9;6;10;7;6;4;4;8;8;21;41;19;38;23;10;90;34;16;28;78;10;36;9;8;8;16;6;13;1;3;5;45;24
"297";"R_3CUEjXdpbgyUipw";4;2;10;10;10;6;5;4;2;10;5;22;40;25;18;18;10;71;31;20;30;81;6;15;7;15;10;14;7;16;4;3;10;55;31
"298";"R_3CVCsbF8MToZ0Uk";28;2;8;8;9;5;6;3;2;9;6;18;38;20;30;22;12;84;29;15;23;67;9;18;9;9;10;16;5;12;2;6;3;47;25
"299";"R_3CzM4511HLJ6jWp";3;2;8;8;7;9;4;4;2;8;6;23;33;16;33;14;12;75;27;13;20;60;12;12;15;13;7;11;8;10;4;7;7;41;41
"300";"R_3DuKOuF7Yg3GBvR";41;2;5;4;7;4;6;2;3;6;6;13;30;16;25;19;14;74;38;15;34;87;9;11;8;13;11;18;5;17;1;2;4;59;20
"301";"R_3Dvyl8gLzgT5wvx";12;2;5;8;7;8;4;6;4;5;7;26;28;22;24;25;13;84;39;18;38;95;6;19;5;7;9;17;5;12;1;3;3;45;17
"302";"R_3dXpkwRkJlCjwyI";34;2;6;8;8;5;6;4;4;8;7;21;35;27;40;30;15;112;25;16;38;79;12;9;12;12;8;14;4;13;2;3;5;47;26
"303";"R_3dXv8CbsXNjZqj3";15;2;7;8;7;4;4;4;4;6;5;20;29;21;25;22;12;80;28;15;22;65;8;39;8;11;8;15;6;12;2;3;5;46;24
"304";"R_3e2FBsFe0rCSg4a";12;2;4;2;6;10;4;9;3;3;4;24;21;25;38;26;10;99;34;13;29;76;11;13;8;8;11;17;5;12;1;2;7;48;23
"305";"R_3e2ggt2EoVYXnZr";17;2;2;10;5;6;2;9;4;10;3;29;22;26;13;27;9;75;35;20;29;84;3;36;6;10;6;12;6;11;4;4;7;39;27
"306";"R_3eajrntFBWaLzhv";45;2;5;5;6;2;4;4;2;7;7;13;29;29;28;24;12;93;45;13;36;94;10;9;11;10;13;20;4;16;1;2;3;59;21
"307";"R_3eaVtrvm34DFWt2";29;2;8;2;5;4;7;2;2;9;3;10;32;29;9;21;8;67;17;13;11;41;6;24;4;8;8;14;9;7;3;6;5;37;27
"308";"R_3ebkkh5QB0QtX6m";2;2;5;6;6;7;3;6;5;3;5;24;22;27;18;15;8;68;21;18;16;55;5;37;8;6;7;10;7;6;3;6;10;29;34
"309";"R_3EcDbXT6dIISQgi";29;2;8;6;8;4;4;4;2;9;8;16;37;24;25;25;8;82;40;19;32;91;10;9;11;11;8;19;3;12;1;3;3;50;21
"310";"R_3ezzHZPXbDCAcsH";26;2;9;8;6;5;4;3;2;8;6;18;33;22;31;23;12;88;37;13;21;71;10;14;10;12;12;18;3;14;1;3;9;56;26
"311";"R_3fI8JLxwVvhG8DO";29;2;6;8;9;10;4;6;4;10;4;28;33;14;26;18;15;73;27;11;17;55;6;25;11;12;9;9;8;9;1;4;4;39;28
"312";"R_3fkKeyxlJH27xhU";14;2;5;6;4;7;4;5;4;6;4;22;23;23;24;22;12;81;31;15;19;65;8;32;9;8;8;12;7;9;2;6;8;37;32
"313";"R_3FKzZUAALhCb70R";25;2;7;6;8;3;5;4;2;6;7;15;33;27;34;26;13;100;46;21;31;98;9;27;13;13;12;18;5;17;1;3;4;60;26
"314";"R_3fl97wi1INiJV0y";25;2;8;6;9;4;6;3;3;7;7;16;37;16;25;24;15;80;40;18;30;88;7;18;9;13;9;18;4;10;2;3;4;50;22
"315";"R_3fQ3sIV6Y65cRCE";16;2;8;8;10;6;9;2;4;8;7;20;42;19;28;18;15;80;29;11;26;66;8;16;7;14;12;15;7;16;2;4;5;57;25
"316";"R_3fqrg2soQTOs5Cn";18;2;7;6;5;4;4;3;4;6;4;17;26;20;30;23;10;83;35;15;25;75;9;24;4;12;10;18;5;11;1;3;4;51;17
"317";"R_3frwFvlghNMoaUY";37;1;8;5;9;7;5;4;2;7;9;18;38;22;26;13;11;72;32;8;29;69;8;14;6;6;9;18;5;14;1;4;6;47;22
"318";"R_3FUqnyZV8CmAa2n";25;2;9;10;10;4;4;5;4;10;4;23;37;12;19;17;9;57;33;17;14;64;7;28;12;11;9;15;4;11;2;4;3;46;25
"319";"R_3fYU2abkwTL12GZ";33;2;4;4;5;4;7;8;2;4;4;18;24;24;13;23;12;72;18;11;20;49;4;23;9;10;8;13;6;8;2;3;8;39;28
"320";"R_3G1cQJo7nL1dS6J";26;2;3;6;4;7;2;10;2;2;3;25;14;26;12;6;5;49;12;7;8;27;3;21;16;4;6;10;9;5;2;8;13;25;48
"321";"R_3g1IowiUsJbpWB5";14;2;8;6;9;5;8;2;4;4;9;17;38;28;36;20;11;95;41;17;24;82;12;9;13;12;11;20;4;14;2;3;4;57;26
"322";"R_3GBBIKuLgfXzEpE";24;2;4;2;4;10;2;6;4;7;4;22;21;28;18;21;12;79;41;16;34;91;3;10;14;9;11;19;6;12;1;2;5;51;28
"323";"R_3GDoT1ZKubcp7Bd";12;2;3;3;2;3;10;4;6;6;3;16;24;29;23;20;12;84;30;14;36;80;8;15;11;9;8;16;6;13;2;5;9;46;33
"324";"R_3Gert5JPzzUXX6d";50;1;9;7;4;2;9;4;3;4;5;16;31;15;25;12;8;60;32;13;20;65;6;31;5;9;7;16;6;13;2;5;10;45;28
"325";"R_3GkOUpmXQIz6tpg";25;2;5;8;3;5;4;5;3;6;6;21;24;18;22;17;11;68;27;15;18;60;6;36;7;8;8;11;8;9;1;5;5;36;26
"326";"R_3gNQtzB0RCtcKdD";32;2;8;8;6;8;4;8;4;8;4;28;30;15;40;20;14;89;32;14;26;72;12;27;8;11;6;15;3;8;2;5;5;40;23
"327";"R_3GvrgQtn6tvpvot";22;2;4;5;4;4;4;6;6;7;4;21;23;26;26;22;12;86;35;14;28;77;7;10;5;12;10;20;7;13;3;5;5;55;25
"328";"R_3habRk6ujZbSYFs";38;1;4;4;6;3;5;4;3;6;5;14;26;19;31;24;12;86;41;15;29;85;8;11;7;11;9;19;3;11;2;3;5;50;20
"329";"R_3HAEQzZAIme0YUr";31;2;4;7;10;4;9;3;3;10;9;17;42;25;37;30;15;107;40;16;24;80;9;9;8;11;15;18;5;17;3;3;4;61;23
"330";"R_3harNVVR9oDx50R";12;2;9;9;10;4;4;4;2;7;8;19;38;26;33;21;9;89;41;18;19;78;10;19;9;10;8;16;7;10;2;6;4;44;28
"331";"R_3hG557SYdmbb2cR";41;2;8;4;10;5;8;3;2;10;10;14;46;18;10;6;11;45;26;16;8;50;3;31;9;9;4;11;8;9;3;9;9;33;38
"332";"R_3hGvAXIf9KjGn9M";37;2;5;10;4;10;3;6;4;5;6;30;23;16;34;18;12;80;34;18;18;70;12;18;12;12;9;19;6;10;4;3;9;50;34
"333";"R_3HiUjoTKKonXE8b";28;2;5;7;6;8;7;8;5;8;5;28;31;20;25;13;10;68;33;16;14;63;7;29;7;9;11;17;6;9;1;6;9;46;29
"334";"R_3hm9g0XyPEOLu0O";44;1;5;5;4;4;6;4;4;6;6;17;27;21;24;21;12;78;28;17;28;73;6;27;8;9;8;15;5;10;1;3;4;42;21
"335";"R_3HoeCfng1x8E0oZ";47;1;7;8;8;4;5;3;3;5;7;18;32;19;37;20;12;88;41;11;31;83;12;11;11;9;14;19;6;14;1;2;4;56;24
"336";"R_3HuzuehgKqcOhjr";24;2;7;6;10;4;7;5;4;9;8;19;41;17;24;12;11;64;27;13;21;61;7;21;7;16;14;13;9;13;3;7;7;56;33
"337";"R_3I6o5wueROFx8GJ";53;2;8;5;6;3;5;2;2;4;5;12;28;29;31;28;12;100;41;13;36;90;12;9;8;7;11;20;2;20;1;3;6;58;20
"338";"R_3IbBy1coECdziye";11;2;7;8;8;3;4;3;2;8;7;16;34;27;19;23;12;81;33;14;27;74;6;27;10;15;11;17;4;13;3;6;4;56;27
"339";"R_3Ic8QpHNIGwpFFc";24;2;6;5;5;4;4;4;4;5;4;17;24;25;33;23;10;91;34;11;29;74;9;9;10;9;9;18;5;18;4;3;7;54;29
"340";"R_3iJU98gYD63pD3m";52;2;4;6;4;8;2;7;3;6;4;24;20;18;18;18;13;67;28;12;23;63;4;15;5;6;8;17;5;7;1;5;7;38;23
"341";"R_3ikz11kpB9J2Bvb";27;2;8;8;3;5;5;5;2;4;6;20;26;20;29;20;6;75;25;16;17;58;9;34;6;11;8;14;7;11;3;8;7;44;31
"342";"R_3IQ42BMBX3GFMwk";15;2;9;8;9;5;4;4;3;9;8;20;39;21;24;26;11;82;38;15;34;87;8;33;11;15;10;17;6;19;4;7;4;61;32
"343";"R_3iR5ZZwXq38rDcc";33;1;5;10;8;7;6;8;8;5;7;33;31;18;18;12;8;56;28;14;19;61;6;35;9;10;9;16;6;8;1;7;5;43;28
"344";"R_3irkYLi0hFfMk9g";48;1;8;7;8;4;3;4;4;8;9;19;36;15;19;23;13;70;43;17;30;90;6;9;12;11;11;18;4;17;1;3;7;57;27
"345";"R_3J2RQ04ZY6puFJn";47;1;4;7;8;4;4;4;3;8;4;18;28;23;27;17;13;80;44;16;33;93;7;12;11;10;7;19;3;16;2;5;4;52;25
"346";"R_3J3PFKbt9xdZZdO";46;2;9;10;9;6;7;5;4;5;9;25;39;25;28;20;10;83;39;14;19;72;8;18;8;12;11;20;4;11;2;3;5;54;22
"347";"R_3j65P7a0KMrNxmH";5;2;4;9;4;5;4;4;5;4;6;23;22;21;20;19;12;72;32;13;17;62;8;27;11;10;9;12;4;10;3;3;7;41;28
"348";"R_3Jat3apAmbQfbFA";13;3;6;7;4;7;4;5;6;8;4;25;26;15;23;8;7;53;18;9;9;36;9;21;18;6;6;14;10;5;5;8;10;31;51
"349";"R_3JLB7V4KpSBKMwB";48;2;5;4;6;4;6;3;3;5;6;14;28;23;18;12;11;64;28;12;19;59;6;21;11;10;9;10;2;14;4;4;8;43;29
"350";"R_3JqhU8gTypMIGtl";3;2;9;8;9;8;4;6;3;7;7;25;36;24;21;24;13;82;42;17;29;88;6;20;12;13;11;17;5;11;3;2;4;52;26
"351";"R_3JwuZ0JytKOStMm";31;1;5;7;4;5;4;3;4;5;5;19;23;24;29;21;6;80;22;8;13;43;6;19;13;7;6;16;8;7;4;7;6;36;38
"352";"R_3k6fAdgJb1FnxCQ";30;2;9;2;7;4;8;2;2;10;10;10;44;23;26;25;14;88;31;13;24;68;8;21;11;11;12;17;7;8;1;3;4;48;26
"353";"R_3kbrpGzaB385oUj";24;1;5;6;7;5;4;6;4;7;8;21;31;23;20;16;12;71;27;13;19;59;6;20;7;14;9;13;7;15;2;6;6;51;28
"354";"R_3kctNJSksk6n6GK";30;2;5;8;7;10;3;6;3;6;6;27;27;16;21;14;12;63;12;14;8;34;7;34;14;10;4;6;9;6;1;7;10;26;41
"355";"R_3kMq9ojSUhiSUYI";26;2;9;3;10;7;4;3;4;10;10;17;43;30;27;23;15;95;35;11;23;69;11;9;5;7;10;18;5;9;1;4;6;44;21
"356";"R_3Krr0yyOTXtW2uw";27;2;8;5;9;5;4;2;2;6;7;14;34;13;13;10;12;48;22;17;13;52;3;27;9;10;9;13;7;11;1;6;7;43;30
"357";"R_3KU8QbUqQx0CIZ0";11;2;10;9;10;9;2;5;2;10;2;25;34;27;8;25;6;66;14;10;9;33;4;41;19;12;5;10;10;4;4;9;8;31;50
"358";"R_3Kx9TMqpfvag1sc";11;2;7;4;6;5;6;3;4;4;4;16;27;16;22;14;13;65;22;16;11;49;6;36;11;10;5;11;7;11;2;7;8;37;35
"359";"R_3KxZ8JXlWtvZWXF";44;2;4;6;3;10;4;8;2;4;4;26;19;21;8;8;4;41;23;11;13;47;3;16;17;5;4;16;10;7;5;7;13;32;52
"360";"R_3L7FZ16z6BvZscF";29;1;8;3;5;4;3;3;3;5;4;13;25;28;36;18;9;91;39;11;26;76;11;11;7;6;8;19;3;12;3;3;6;45;22
"361";"R_3LbxFxCYrNVJ0OO";42;2;10;4;10;4;6;2;2;9;8;12;43;22;34;23;12;91;23;13;21;57;11;28;7;14;11;14;5;13;3;5;7;52;27
"362";"R_3Ld2mO3Y2knHEyd";45;1;5;4;7;5;4;4;4;7;5;17;28;19;29;19;14;81;41;14;27;82;7;9;14;8;10;18;6;20;1;2;11;56;34
"363";"R_3LiNzHnaBDnZEl4";4;2;3;8;6;8;2;7;4;3;2;27;16;23;33;26;15;97;44;18;35;97;12;10;7;9;12;16;4;13;2;2;3;50;18
"364";"R_3lQWyMCUUzip00m";27;2;8;6;7;6;6;2;4;8;8;18;37;23;22;22;12;79;33;16;29;78;6;26;10;11;11;16;7;13;4;3;9;51;33
"365";"R_3lrm7KCh5DrY9eA";50;1;10;3;9;2;8;2;2;7;6;9;40;30;40;14;15;99;47;16;39;102;12;9;12;12;9;20;2;20;1;2;5;61;22
"366";"R_3LXwuiiQjvZMUjl";39;1;7;4;8;4;4;3;4;10;9;15;38;30;40;27;12;109;46;16;38;100;11;9;8;11;11;20;4;20;1;2;3;62;18
"367";"R_3LZl9oZ4VPwzAuv";25;2;8;7;10;4;3;6;4;8;5;21;34;17;16;10;11;54;19;16;13;48;6;28;9;12;8;12;7;8;3;10;8;40;37
"368";"R_3m2xxdDmwROOuEr";16;1;5;4;5;5;6;6;4;5;4;19;25;17;36;26;15;94;30;14;23;67;12;9;12;10;5;20;6;8;4;9;5;43;36
"369";"R_3M55UQOjj7KaQzL";15;1;9;9;10;5;3;2;2;7;9;18;38;29;38;23;5;95;24;12;30;66;9;39;7;13;10;13;6;10;3;5;4;46;25
"370";"R_3mb26Qj9ZIKqHBZ";48;2;8;8;5;3;4;7;2;8;5;20;30;22;17;14;7;60;28;14;17;59;6;19;9;13;10;16;6;9;2;5;6;48;28
"371";"R_3MEejcmRwr9hFye";25;1;5;8;5;7;4;6;4;4;4;25;22;28;28;12;8;76;23;14;12;49;7;21;8;7;8;18;6;8;2;3;5;41;24
"372";"R_3MJBpovJiaHNZrb";16;2;7;8;8;3;3;3;2;7;7;16;32;24;30;8;12;74;16;7;13;36;10;36;12;7;11;12;6;8;3;5;5;38;31
"373";"R_3MlCDAOdh0BfszN";41;1;4;6;8;4;6;3;3;8;4;16;30;15;39;21;12;87;42;14;37;93;12;9;6;8;10;20;6;9;2;3;3;47;20
"374";"R_3MLv7sKyv6qtiiK";31;2;2;2;3;2;8;2;4;4;3;10;20;29;39;28;14;110;39;16;29;84;9;9;10;10;10;19;6;16;1;3;4;55;24
"375";"R_3MoNPEbMYBCTxGE";29;1;8;7;8;7;4;3;2;7;6;19;33;19;16;6;12;53;30;10;17;57;4;9;10;7;10;20;5;8;2;6;3;45;26
"376";"R_3MQjmUI6LRZwSgI";18;2;5;6;6;4;4;5;2;6;4;17;25;27;21;14;6;68;27;19;25;71;5;26;8;6;8;15;6;8;1;7;6;37;28
"377";"R_3MzIySMCZcdoeCg";33;1;8;8;7;7;8;7;3;7;8;25;38;19;32;18;7;76;29;12;18;59;8;19;11;12;10;13;7;12;3;5;8;47;34
"378";"R_3n5UKeMKHZftaHq";46;1;4;5;4;3;4;2;4;5;7;14;24;21;22;12;9;64;24;19;20;63;5;31;8;6;7;13;8;8;2;6;4;34;28
"379";"R_3n9q8r0S6byTQv6";37;1;6;6;6;4;4;4;2;4;6;16;26;23;28;22;9;82;24;14;21;59;9;28;6;8;10;15;5;10;2;3;10;43;26
"380";"R_3NFp7UMqtU8Ifpu";21;2;3;9;4;10;2;9;5;8;2;33;19;18;17;14;11;60;19;22;14;55;6;45;6;9;5;9;8;5;5;10;4;28;33
"381";"R_3njFtpowJ9NXESL";34;2;5;4;8;4;8;3;2;9;7;13;37;19;32;22;14;87;30;14;20;64;9;16;10;11;12;17;6;9;3;4;6;49;29
"382";"R_3NLrtB8aq5c4Ymw";32;1;5;3;5;3;4;2;3;5;5;11;24;29;29;23;10;91;36;13;27;76;7;15;6;8;8;17;5;9;2;5;4;42;22
"383";"R_3nPGtYSZMdOnejB";32;2;8;8;9;4;3;3;3;8;7;18;35;23;30;26;14;93;28;15;16;59;9;22;14;11;12;18;7;16;4;7;8;57;40
"384";"R_3O8HyljvUMrixs5";10;2;7;5;7;6;4;2;2;7;7;15;32;22;31;25;13;91;31;16;22;69;11;32;10;11;9;17;7;10;2;4;6;47;29
"385";"R_3O9zM06CouQw25L";45;2;8;4;6;4;7;3;2;7;7;13;35;23;32;24;12;91;41;12;34;87;12;9;8;7;8;19;4;10;1;2;3;44;18
"386";"R_3Oizs9AdGyJkruY";3;2;7;4;10;4;5;2;4;5;10;14;37;20;16;18;6;60;30;21;20;71;4;44;10;12;9;8;9;12;3;10;6;41;38
"387";"R_3OrnAzMpnn0dKO0";18;2;7;4;8;6;4;5;2;4;4;17;27;22;18;22;12;74;20;13;13;46;7;28;13;6;6;12;9;5;1;6;10;29;39
"388";"R_3oShyin13BG5NGD";29;1;5;4;7;4;6;3;3;7;6;14;31;18;21;18;11;68;35;18;29;82;3;24;7;11;13;20;3;14;1;2;5;58;18
"389";"R_3oTUoTGvd5P5mLM";57;1;4;5;6;3;4;2;2;7;8;12;29;25;22;17;8;72;28;16;27;71;4;13;11;14;13;13;5;16;4;5;10;56;35
"390";"R_3oYLwMSuwzthxmR";1;2;8;6;7;5;4;4;4;6;6;19;31;15;37;16;15;83;46;15;32;93;12;15;6;11;10;19;2;17;1;2;6;57;17
"391";"R_3OyxXq9sazQhAxb";15;2;6;6;6;6;6;4;4;6;6;20;30;22;22;18;12;74;36;17;28;81;6;27;10;9;9;18;4;10;2;3;6;46;25
"392";"R_3PAgB7vU8xAodRU";21;2;5;7;9;4;8;3;3;6;6;17;34;21;26;15;12;74;36;19;30;85;8;28;5;12;10;17;5;12;2;3;4;51;19
"393";"R_3PbO6S5Krtf3koa";43;1;4;7;4;9;4;7;3;5;7;26;24;25;19;14;8;66;35;17;23;75;4;27;8;16;11;19;7;15;2;4;6;61;27
"394";"R_3pbTmDKTlUz1735";3;2;8;9;10;9;6;6;5;8;7;29;39;30;20;26;13;89;32;13;29;74;4;17;13;14;10;14;6;13;3;5;7;51;34
"395";"R_3pbyYyoR8tXuTnJ";13;1;3;4;6;8;2;5;4;10;3;21;24;11;23;22;12;68;16;18;22;56;8;36;11;8;4;8;7;5;1;8;5;25;32
"396";"R_3PC8IzxpoLA5gKj";42;1;7;3;5;4;5;2;4;4;7;13;28;27;34;24;11;96;39;14;26;79;12;9;5;11;9;18;5;16;1;3;3;54;17
"397";"R_3Pk0KAbEqXt9uPE";30;1;4;6;7;4;8;4;2;8;5;16;32;23;31;23;11;88;29;13;23;65;9;24;9;8;10;17;6;8;2;5;5;43;27
"398";"R_3PMjodoJKjmO4In";19;2;4;10;8;7;6;10;3;6;2;30;26;10;12;16;12;50;19;20;13;52;3;42;7;15;6;12;3;8;2;10;7;41;29
"399";"R_3ptZXH60b8nF2qE";45;1;8;3;6;7;2;2;2;4;4;14;24;22;32;21;12;87;42;14;34;90;9;45;5;5;11;19;6;11;1;3;4;46;19
"400";"R_3Q0l2K4HzE8qJ3z";43;2;4;4;6;3;3;3;3;4;4;13;21;23;17;18;7;65;32;14;15;61;6;10;7;8;7;17;7;10;3;4;6;42;27
"401";"R_3Q8UdS6QPyPwVsl";19;2;6;5;7;6;5;5;4;7;5;20;30;25;23;24;12;84;44;12;37;93;7;15;17;12;12;20;6;16;3;4;6;60;36
"402";"R_3q9cDBzCVShme2v";28;2;5;3;6;6;3;3;4;7;8;16;29;25;23;14;15;77;32;14;19;65;7;23;14;8;12;16;4;18;2;3;8;54;31
"403";"R_3qDRQkuYHj8kfWH";25;3;4;4;8;4;5;4;4;10;6;16;33;28;32;27;13;100;47;18;24;89;11;9;4;4;11;20;6;20;1;3;4;55;18
"404";"R_3QG0Iq3RiEcklND";8;2;8;7;9;4;4;4;4;8;6;19;35;28;30;21;12;91;45;19;39;103;9;9;8;15;11;17;3;15;2;2;4;58;19
"405";"R_3qHHtBVNvcgoHZM";22;2;6;6;4;3;4;3;4;6;6;16;26;22;35;22;11;90;34;11;26;71;10;13;6;11;9;17;4;15;1;4;4;52;19
"406";"R_3qmoyfHJ7OE47ic";18;2;5;8;4;5;4;8;4;4;4;25;21;23;30;21;12;86;29;14;24;67;10;32;7;9;9;15;6;6;2;6;6;39;27
"407";"R_3qmtjJcAqfwGMrS";32;1;4;3;4;2;3;2;2;5;4;9;20;24;22;24;12;82;22;14;16;52;6;22;7;7;9;18;6;9;1;3;7;43;24
"408";"R_3QVoXQDQQ6znYOo";30;2;5;9;7;4;3;5;4;6;4;22;25;13;12;21;13;59;26;13;16;55;6;10;8;9;6;13;4;9;2;5;6;37;25
"409";"R_3R3MFIp97bFxne3";28;1;5;4;6;2;2;2;4;5;5;12;23;27;33;16;9;85;30;15;25;70;9;29;6;9;7;16;4;10;1;5;3;42;19
"410";"R_3R9JrON4EnEo9oF";64;2;7;8;3;7;2;8;4;6;4;27;22;17;25;25;15;82;31;10;32;73;8;27;7;6;6;18;5;10;2;4;7;40;25
"411";"R_3Rf1iFO3vXCe4m7";47;2;6;8;4;5;8;6;6;7;5;25;30;14;29;24;15;82;16;18;9;43;7;29;18;9;7;9;5;7;4;4;14;32;45
"412";"R_3RgtwWOmXMBdKQu";47;1;5;7;8;8;6;4;4;7;7;23;33;16;36;22;13;87;29;22;36;87;8;33;12;15;13;11;6;15;4;5;11;54;38
"413";"R_3rHgORap3PaXpeG";22;2;6;7;10;4;4;2;4;8;6;17;34;13;40;18;15;86;34;14;24;72;11;41;9;19;12;14;5;16;3;3;3;61;23
"414";"R_3rJnP6QDugVrdEj";34;1;10;7;8;4;4;3;4;6;5;18;33;20;19;24;12;75;20;19;21;60;6;37;10;11;7;6;7;8;2;10;7;32;36
"415";"R_3Rqlkm5E7wYDeNr";48;1;7;7;8;5;4;4;4;8;7;20;34;27;40;27;13;107;44;15;34;93;12;9;8;6;3;20;4;13;1;3;7;42;23
"416";"R_3s4RZ7HHUIva7wu";30;2;8;7;5;9;4;6;6;7;6;28;30;15;12;10;12;49;20;12;16;48;6;36;12;10;8;8;8;11;4;8;10;37;42
"417";"R_3sdkmTQ5s0Pnrv7";33;1;4;2;10;8;4;2;2;10;10;14;38;30;39;30;11;110;29;16;28;73;12;13;5;11;12;19;4;16;1;4;3;58;17
"418";"R_3svtXlICXxb8tus";42;2;6;9;3;3;3;8;5;6;4;25;22;22;19;12;13;66;32;15;27;74;4;21;4;12;11;17;5;14;2;3;5;54;19
"419";"R_3wszSsHSrR2CEA9";8;2;8;8;9;7;4;2;2;6;8;19;35;7;16;11;9;43;16;14;10;40;6;36;8;6;7;6;7;6;2;7;13;25;37
"420";"R_4SMu0KOw1mqFmOB";27;2;4;8;6;7;3;5;6;9;4;26;26;26;20;20;12;78;32;11;23;66;6;9;7;9;7;16;4;10;2;4;5;42;22
"421";"R_4TMjqNlPGQYU8V3";47;2;5;4;6;3;5;3;3;4;4;13;24;21;27;24;10;82;35;17;26;78;8;19;8;8;9;17;5;9;2;4;4;43;23
"422";"R_4VDA24wgwd04i3L";51;1;9;9;6;6;7;2;2;8;8;19;38;23;28;23;12;86;34;13;22;69;8;11;8;12;10;19;5;9;3;4;5;50;25
"423";"R_4VGZHnZIWi9MZ8Z";23;1;7;8;7;10;4;4;2;5;6;24;29;22;16;17;11;66;22;12;13;47;3;32;10;9;9;11;8;7;2;6;8;36;34
"424";"R_5ApCHb3je2bmYjD";29;1;5;9;9;10;4;3;2;7;10;24;35;12;36;19;9;76;25;12;18;55;9;18;8;11;9;12;6;10;2;7;7;42;30
"425";"R_5BfdF818IkJevxn";23;2;8;8;6;8;6;9;4;7;7;29;34;20;36;22;12;90;24;16;13;53;9;19;11;13;11;12;8;10;2;9;9;46;39
"426";"R_5BGiV211rSgK51f";19;2;6;7;6;4;3;4;4;6;5;19;26;23;19;11;12;65;30;13;16;59;6;9;9;9;8;17;6;8;2;5;6;42;28
"427";"R_5bZWcdvysgz3oFb";39;1;8;10;10;7;7;4;2;10;8;23;43;21;40;20;13;94;38;20;29;87;11;34;10;13;12;15;3;11;2;4;4;51;23
"428";"R_5jdLky0i0gbyAGl";32;1;8;7;6;7;5;4;4;7;8;22;34;17;20;12;15;64;31;13;17;61;10;36;8;10;9;11;7;6;4;5;8;36;32
"429";"R_6igQfz5Y7zBkhcR";5;2;5;8;9;4;4;4;4;7;5;20;30;26;17;25;10;78;33;16;19;68;8;18;11;10;8;18;6;13;3;4;6;49;30
"430";"R_6JewriuCi9ajKyl";52;1;6;5;6;6;6;5;2;6;7;18;31;22;25;13;12;72;38;15;32;85;11;14;9;11;12;18;9;6;1;4;4;47;27
"431";"R_6Km2RrrflEM9ScV";45;1;9;4;8;5;5;3;4;10;8;16;40;21;40;21;12;94;39;17;33;89;12;24;11;12;10;20;3;17;2;3;3;59;22
"432";"R_6KzSIEwlGy5bsOJ";29;2;9;5;10;7;8;4;2;9;9;18;45;23;30;24;12;89;31;17;24;72;8;26;10;15;12;19;6;13;1;4;5;59;26
"433";"R_6LRE75LfWyzVXyx";14;2;6;6;7;6;2;2;2;7;6;16;28;19;27;13;11;70;29;18;13;60;6;18;9;12;7;15;8;7;2;6;4;41;29
"434";"R_6sSkIxGoqMBHtiF";23;1;7;8;8;7;7;4;4;7;7;23;36;20;29;23;15;87;24;12;15;51;9;36;14;14;10;12;8;13;3;5;11;49;41
"435";"R_73D49phckSXli7L";18;2;7;8;6;7;5;8;3;4;4;26;26;14;17;12;8;51;25;11;13;49;5;34;11;9;5;9;9;7;3;9;8;30;40
"436";"R_78SQdyPPI9nKhnX";46;2;3;4;3;5;6;2;2;6;7;13;25;23;20;18;12;73;32;11;20;63;6;18;12;18;11;20;6;15;4;4;7;64;33
"437";"R_79CTJ4lFVXXVN5L";2;2;6;6;6;7;3;8;8;4;5;29;24;16;30;24;8;78;16;15;14;45;8;41;13;6;6;10;9;6;4;7;11;28;44
"438";"R_79vKmsnwUEkoG1b";42;2;4;4;6;6;6;4;3;6;6;17;28;7;20;14;12;53;18;11;17;46;7;35;9;11;8;13;5;8;3;5;8;40;30
"439";"R_7NxbWrHsmspHEaJ";24;2;7;6;7;4;3;2;2;7;6;14;30;30;14;7;15;66;33;13;18;64;3;9;8;9;11;17;5;17;2;2;5;54;22
"440";"R_8AZkugoDM6FXuet";16;2;10;4;5;6;3;2;3;4;6;15;28;30;28;29;8;95;24;6;12;42;10;17;13;12;12;19;8;8;3;3;11;51;38
"441";"R_8cwJiPcOswoyV0t";16;1;8;8;8;5;6;5;4;7;7;22;36;16;19;12;6;53;18;12;13;43;4;32;14;9;5;10;8;8;4;9;7;32;42
"442";"R_8j4AmTGglqdLQpX";30;2;8;8;9;6;5;3;4;10;8;21;40;23;24;19;12;78;17;15;9;41;5;36;18;8;7;11;10;10;5;8;12;36;53
"443";"R_8nOjUNqLNMLisEN";43;2;6;2;8;7;9;2;2;10;9;13;42;24;38;24;12;98;40;19;35;94;12;20;9;11;13;19;5;10;1;3;3;53;21
"444";"R_8qVxlq9rsgx6bg5";17;2;7;8;7;9;6;2;2;7;6;21;33;21;26;11;10;68;36;17;22;75;7;21;4;13;8;18;5;9;1;3;3;48;16
"445";"R_8zXuHp0bMUnkgZr";13;1;6;9;7;9;4;9;4;8;7;31;32;18;13;14;5;50;22;9;16;47;3;36;11;8;10;12;7;9;3;6;11;39;38
"446";"R_9MrhqFQGQoJFEGt";6;2;6;8;6;6;6;6;6;6;4;26;28;24;38;28;9;99;26;12;29;67;12;27;8;8;9;16;4;10;2;3;7;43;24
"447";"R_9tSMzY8twzcqYTv";24;2;6;9;8;7;4;3;2;6;5;21;29;15;26;13;12;66;31;20;30;81;7;28;9;15;7;12;7;11;3;3;3;45;25
"448";"R_A6YLeBlYGM2YdqN";28;2;8;8;8;6;4;4;6;9;9;24;38;22;23;7;12;64;14;10;8;32;7;10;15;7;8;15;7;9;2;7;7;39;38
"449";"R_a90dHDx0wfMB7KV";36;2;5;8;4;5;4;4;2;6;5;19;24;19;31;13;12;75;26;14;16;56;10;9;6;7;6;11;6;8;2;5;5;32;24
"450";"R_a9v9d3iTVpLPvVL";27;2;5;9;6;9;3;6;2;8;4;26;26;16;18;6;12;52;27;17;14;58;5;29;11;8;9;9;8;9;3;8;6;35;36
"451";"R_aa4KiHrDlGygWe5";32;2;3;10;4;9;2;7;4;4;3;30;16;20;25;20;9;74;31;11;18;60;9;27;7;7;8;19;8;10;1;4;7;44;27
"452";"R_agxjsLM8BtvkrcJ";20;2;6;7;6;7;4;5;2;5;4;21;25;17;25;15;9;66;26;13;18;57;6;35;8;9;6;12;6;11;2;8;6;38;30
"453";"R_Ai0tYqhCNzNoSGZ";22;2;7;7;7;4;4;4;4;6;6;19;30;26;21;23;10;80;26;15;27;68;7;32;6;9;7;8;5;10;2;9;5;34;27
"454";"R_AodUux5dcJ2C6TT";53;1;6;4;8;4;6;2;2;5;8;12;33;22;33;22;9;86;36;12;23;71;12;18;7;6;10;18;3;7;1;3;4;41;18
"455";"R_AyNKDbGjItwkUud";12;3;8;9;4;8;2;6;4;5;4;27;23;20;23;10;9;62;32;14;19;65;6;18;7;10;6;16;6;11;3;4;9;43;29
"456";"R_AyZtYhlq7e3eKgp";49;2;5;7;4;4;6;3;3;10;7;17;32;21;9;7;12;49;20;14;10;44;3;20;10;9;9;12;9;9;4;7;11;39;41
"457";"R_b270BWtu8ShFBV7";4;2;10;6;10;3;2;2;2;10;4;13;36;29;21;21;11;82;41;17;40;98;4;12;5;5;15;19;3;13;1;3;6;52;18
"458";"R_b33LL2WbchGKmY1";56;2;6;7;7;6;5;4;4;3;6;21;27;18;18;6;10;52;23;15;10;48;3;29;10;7;7;16;6;8;2;8;11;38;37
"459";"R_BLkCWZgsUE54Qed";46;1;10;10;10;9;7;4;2;9;10;25;46;17;33;27;15;92;25;16;24;65;8;29;10;17;12;13;7;15;2;4;5;57;28
"460";"R_bsc8F1Zi1ZUOe6R";23;1;10;8;10;6;10;4;2;9;10;20;49;20;38;21;13;92;22;11;17;50;11;18;11;14;14;19;6;13;1;6;4;60;28
"461";"R_BycT59xGtXj7HwJ";22;2;9;6;10;4;2;5;4;10;5;19;36;25;17;13;11;66;25;14;18;57;4;36;9;9;8;12;8;9;2;6;8;38;33
"462";"R_CePFic4wH3s6ANj";33;1;5;4;5;3;2;4;3;4;5;14;21;20;19;8;3;50;11;13;9;33;5;43;8;6;4;12;8;9;1;10;7;31;34
"463";"R_CfE2J56UnkumGT7";44;1;10;4;10;7;7;2;4;10;4;17;41;26;40;20;12;98;28;17;26;71;12;26;8;14;12;18;7;17;1;6;6;61;28
"464";"R_cIu2MRuaPqxOGw9";8;2;8;9;5;10;3;10;2;6;4;31;26;24;34;19;15;92;26;13;13;52;9;24;5;7;4;13;9;8;5;8;3;32;30
"465";"R_cMxVKHoTwSilCeZ";26;2;4;2;7;8;5;6;4;8;4;20;28;22;10;18;6;56;14;10;8;32;3;9;12;5;7;14;9;9;1;10;11;35;43
"466";"R_curkX8pTiJ1DBDP";13;1;8;6;10;4;7;3;2;10;7;15;42;21;24;12;13;70;36;14;29;79;8;21;12;12;13;17;6;12;1;4;6;54;29
"467";"R_cZy8VY8iw6zPCx3";22;1;7;4;8;5;5;2;2;7;6;13;33;23;32;22;10;87;32;13;26;71;8;10;8;11;11;18;6;9;2;4;6;49;26
"468";"R_d4h2Vtfja832lcl";27;2;10;8;10;7;6;8;2;10;8;25;44;15;21;20;12;68;24;17;17;58;6;26;8;10;13;16;8;13;1;7;5;52;29
"469";"R_D6mF09lK2KwjxQJ";33;2;4;5;8;4;4;2;4;7;4;15;27;22;39;29;12;102;41;16;32;89;12;9;11;14;11;18;3;20;1;2;5;63;22
"470";"R_DAjLBJIsrmHhs3v";18;1;5;5;7;4;9;3;3;5;7;15;33;21;19;19;10;69;25;12;20;57;7;23;9;11;7;11;6;13;3;6;8;42;32
"471";"R_DdvrDn7Y3PUAgLf";26;2;6;9;3;10;4;5;2;5;5;26;23;26;13;16;7;62;14;10;8;32;3;45;12;5;4;8;10;6;4;10;15;23;51
"472";"R_DGMPswxdPj6Mvlv";43;2;4;4;4;4;4;4;4;5;4;16;21;19;25;16;9;69;13;10;13;36;9;26;9;8;6;12;7;6;1;8;8;32;33
"473";"R_DNOTIFuCyvXsuHv";26;2;8;6;8;4;7;3;3;9;10;16;42;21;23;22;11;77;26;11;18;55;9;18;8;15;7;15;7;9;2;4;7;46;28
"474";"R_dpwCYbCR7qV7QhH";25;2;4;9;3;9;3;7;2;5;4;27;19;14;10;9;6;39;10;13;8;31;3;43;10;7;5;9;10;8;5;10;11;29;46
"475";"R_DUFbRkkKEev1Dnr";27;1;5;10;4;10;2;10;9;6;2;39;19;14;8;8;7;37;19;9;8;36;3;45;20;6;3;9;10;12;3;6;11;30;50
"476";"R_eEDR2dLNGo5nCdr";48;1;7;4;6;4;2;4;2;8;8;14;31;19;35;22;15;91;36;16;31;83;10;16;4;14;11;16;3;10;1;3;3;51;14
"477";"R_esT2jO2YWnyvGoN";49;1;8;4;8;4;3;2;4;8;5;14;32;19;31;22;12;84;25;11;13;49;9;18;6;9;10;16;5;9;2;6;6;44;25
"478";"R_eVFPCm9eW30XqA9";45;2;6;6;6;4;7;4;3;5;6;17;30;27;13;23;13;76;35;14;34;83;7;23;13;8;10;19;6;16;1;3;6;53;29
"479";"R_eXqlxXdeY2DQURH";23;2;8;4;7;6;6;3;3;6;8;16;35;23;20;14;13;70;36;14;30;80;7;34;7;10;11;16;5;11;2;5;7;48;26
"480";"R_eyxqmamUNlj9uLf";18;2;10;4;8;4;6;2;4;6;6;14;36;21;32;16;11;80;13;10;8;31;8;34;13;9;9;15;10;14;4;9;15;47;51
"481";"R_NXfb0hAwfuhvQHv";23;2;9;5;10;3;8;3;2;9;9;13;45;29;31;28;15;103;42;22;35;99;11;26;11;16;13;16;6;18;4;2;6;63;29
"482";"R_O0tSS0DBakHStah";19;2;6;7;9;8;6;4;4;7;8;23;36;14;27;15;9;65;30;17;14;61;9;36;12;8;10;9;7;9;2;8;8;36;37
"483";"R_Opsa4lYqjQpncFX";42;2;8;4;4;5;3;5;3;4;3;17;22;20;13;13;12;58;20;9;16;45;5;16;13;8;3;11;8;9;4;10;7;31;42
"484";"R_OqB4GqnSySxarv3";16;1;7;6;9;7;3;3;4;7;6;20;32;19;29;16;12;76;45;16;34;95;10;9;10;8;11;20;6;17;1;2;3;56;22
"485";"R_OrhdS9X81XB3dWp";43;1;9;6;7;4;7;2;6;10;7;18;40;18;39;25;14;96;37;15;34;86;10;25;13;8;10;19;4;20;1;3;3;57;24
"486";"R_Ov34vxnA2MpINB7";27;2;6;4;4;7;3;7;6;4;4;24;21;22;16;17;11;66;19;11;13;43;6;25;12;7;6;14;9;10;3;7;5;37;36
"487";"R_OvgL7BKTEKVaapX";48;1;6;7;6;7;4;6;6;6;5;26;27;21;24;13;5;63;12;11;13;36;4;27;16;6;7;9;10;11;3;9;10;33;48
"488";"R_pcUvIZnDnj6u0h3";37;2;4;9;4;4;4;6;2;4;5;21;21;9;19;20;14;62;24;17;19;60;3;17;11;8;5;18;4;10;2;6;5;41;28
"489";"R_pGHgNswlQtoYA1z";42;2;7;5;8;4;7;3;4;10;9;16;41;14;29;20;14;77;31;17;21;69;9;13;9;9;9;17;4;8;2;4;3;43;22
"490";"R_pmadY5Gw2xuVsv7";26;2;8;3;9;3;4;2;2;4;8;10;33;25;21;12;12;70;41;16;23;80;7;18;5;13;11;20;4;18;2;3;3;62;17
"491";"R_PS2xm1LPELM14w9";34;2;7;7;6;4;4;2;3;5;7;16;29;27;26;18;7;78;28;12;21;61;7;22;9;8;6;16;3;12;2;4;3;42;21
"492";"R_PSd614qL1PNFhoR";52;1;5;8;8;4;5;5;3;9;6;20;33;20;37;16;14;87;32;16;28;76;11;30;13;14;15;18;6;17;1;3;5;64;28
"493";"R_Pwd5uxdgn9Emz61";10;1;8;7;9;6;4;6;4;10;5;23;36;24;16;19;10;69;26;22;24;72;6;27;8;11;12;11;6;9;2;8;4;43;28
"494";"R_pxtdHOkmXC4qLlL";28;2;8;8;8;7;4;5;3;6;6;23;32;24;30;10;3;67;33;16;20;69;9;21;10;11;9;15;7;10;2;4;6;45;29
"495";"R_Q05O2G4rHNivJHb";32;2;7;8;7;6;7;8;5;9;9;27;39;26;32;25;15;98;37;18;27;82;9;11;12;16;15;19;4;13;2;4;4;63;26
"496";"R_Q6uwkUizEZMaEWR";13;1;9;8;9;6;6;4;4;7;8;22;39;25;25;15;12;77;32;17;28;77;6;24;8;12;11;14;4;14;3;4;4;51;23
"497";"R_qD9FWmfNLkMPaFP";38;1;8;9;8;6;3;2;2;6;4;19;29;21;22;22;10;75;29;13;20;62;8;16;6;10;8;15;4;11;4;4;11;44;29
"498";"R_QmoPzs5O69oL0kN";48;1;9;5;7;6;2;2;2;6;10;15;34;27;39;22;13;101;31;15;24;70;12;12;11;8;9;19;6;11;1;5;3;47;26
"499";"R_QnoG57mNU445Vmx";26;1;6;6;6;5;5;7;4;6;6;22;29;18;13;17;9;57;16;11;12;39;5;12;13;11;11;11;6;13;3;7;6;46;35
"500";"R_r1icscfQRZsRH8t";5;2;6;5;5;10;4;3;2;8;10;20;33;24;13;17;13;67;19;8;22;49;5;29;13;8;7;6;8;9;2;8;13;30;44
"501";"R_R5p8Qir7OPq9Zzb";29;2;7;4;8;2;5;2;2;9;5;10;34;16;38;27;15;96;44;21;31;96;9;9;12;8;11;17;5;16;1;2;7;52;27
"502";"R_rexaMsDJTlTwGnD";34;1;4;7;8;3;3;2;2;8;8;14;31;20;28;18;12;78;42;13;30;85;10;19;5;8;10;19;5;7;1;3;4;44;18
"503";"R_RgJNfNurqMWe6hb";3;2;8;7;7;7;5;6;4;5;7;24;32;22;23;22;12;79;33;12;27;72;6;21;12;13;11;13;5;13;2;3;8;50;30
"504";"R_rjyGNTJGc1rSotH";30;1;6;4;6;3;3;2;2;4;4;11;23;29;30;14;7;80;28;12;28;68;10;16;8;8;7;19;3;9;1;3;6;43;21
"505";"R_RmNGP6WhYpkUnOp";18;1;7;9;6;4;4;4;4;8;3;21;28;29;36;25;11;101;42;18;32;92;5;13;9;10;14;19;3;16;1;3;3;59;19
"506";"R_RqM9ZpOvnKl9EOJ";27;2;4;5;4;5;4;4;2;5;5;16;22;18;20;8;12;58;11;14;8;33;8;43;10;7;4;10;6;5;1;9;14;26;40
"507";"R_RRKOS9cPYXTEdNf";9;3;4;8;4;8;3;5;4;7;3;25;21;25;19;20;6;70;21;14;23;58;6;24;6;7;5;18;7;10;2;3;8;40;26
"508";"R_rrxadGqm3fcRY2d";44;2;6;4;7;6;2;4;2;4;4;16;23;24;37;24;11;96;34;14;23;71;12;13;8;8;7;20;6;17;1;3;3;52;21
"509";"R_RsGbqJVF8dKKwaR";58;2;5;3;8;3;6;3;4;8;6;13;33;26;28;26;11;91;40;14;22;76;9;17;9;9;14;19;5;15;2;3;4;57;23
"510";"R_RsHzKkJLOvuxkK5";51;1;7;3;10;4;2;2;3;10;9;12;38;22;36;22;13;93;28;17;35;80;9;18;8;9;7;18;4;9;2;4;4;43;22
"511";"R_RwcQN2inl0IWfap";24;1;5;5;2;4;2;3;3;3;4;15;16;19;28;13;9;69;23;9;19;51;9;30;8;8;4;14;7;11;3;5;6;37;29
"512";"R_Rwpm4jdT1e27b5D";30;2;4;8;4;9;5;5;2;4;4;24;21;20;16;11;6;53;25;12;14;51;6;26;8;6;5;14;6;4;2;6;6;29;28
"513";"R_RxmsQr2n04taPBL";41;2;7;6;10;5;9;4;5;10;8;20;44;19;31;30;15;95;41;14;24;79;9;9;9;13;14;20;5;19;1;2;3;66;20
"514";"R_s5NhhhUB1rS8wH7";34;2;8;4;6;6;2;4;6;4;8;20;28;23;24;19;6;72;26;9;15;50;8;12;7;7;8;16;6;10;2;5;8;41;28
"515";"R_sGo69nss7LYoSUF";39;2;8;6;7;4;4;5;3;8;8;18;35;24;32;28;15;99;33;14;29;76;11;18;10;16;9;16;4;14;3;5;4;55;26
"516";"R_SK6D1fqlSVTJSE1";16;2;6;5;5;9;5;2;3;5;3;19;24;26;32;26;13;97;17;11;9;37;11;36;11;7;5;8;6;4;3;10;7;24;37
"517";"R_snzBJh3PwUncwP7";44;1;8;4;8;4;8;4;4;5;8;16;37;27;40;29;14;110;41;14;33;88;12;9;9;4;9;19;5;18;1;3;3;50;21
"518";"R_stIiHUFChAqaxR7";12;2;6;8;8;5;6;5;4;7;7;22;34;16;17;16;12;61;26;14;21;61;3;36;12;13;9;15;7;9;3;6;6;46;34
"519";"R_sY91BcFBgGgUWVX";33;2;9;9;8;6;6;5;4;8;7;24;38;16;27;22;10;75;25;16;13;54;7;24;9;10;5;12;7;10;3;8;8;37;35
"520";"R_sYgmmKTeyBq7jsl";26;2;4;7;8;9;4;7;3;4;4;26;24;22;16;24;11;73;22;8;19;49;5;9;10;9;10;13;7;7;2;5;10;39;34
"521";"R_T881HzKhieBNrVL";17;1;9;10;10;4;4;5;4;8;9;23;40;24;21;16;8;69;28;14;22;64;6;23;8;9;11;19;3;10;2;5;4;49;22
"522";"R_tFG7lDLUXXdTB5L";25;2;6;5;5;6;6;6;4;6;4;21;27;19;25;19;9;72;29;12;19;60;9;26;10;10;7;12;5;9;2;4;6;38;27
"523";"R_tGNJkxBKUhAdGFz";30;2;6;6;6;4;4;5;4;8;4;19;28;22;28;22;12;84;36;16;35;87;10;30;11;13;9;12;3;13;4;3;9;47;30
"524";"R_TkdJwm4yOIXKmAx";9;2;8;6;8;6;10;5;4;6;7;21;39;25;21;24;12;82;38;18;33;89;6;33;9;11;12;16;5;14;4;5;7;53;30
"525";"R_TsUeFAwbSJnSQmJ";14;1;9;9;10;3;7;4;4;5;6;20;37;20;14;13;12;59;15;14;11;40;3;45;11;11;8;7;10;5;4;9;7;31;41
"526";"R_TuNKD9eGPvMK3Rv";38;2;5;6;4;7;4;3;3;4;4;19;21;22;30;19;12;83;30;10;16;56;9;9;8;7;6;15;5;7;2;4;7;35;26
"527";"R_u8F6DsztFxP1GoN";46;1;8;5;10;5;4;3;4;10;7;17;39;20;22;24;14;80;37;14;25;76;7;17;8;12;13;18;3;18;1;3;4;61;19
"528";"R_ugF9Of4qNawUvvP";50;2;7;5;7;3;6;3;3;8;10;14;38;12;23;18;14;67;36;14;25;75;7;21;11;9;11;17;6;15;1;3;3;52;24
"529";"R_Um3RbsoLNbuyUP7";40;2;6;6;7;3;4;4;5;6;6;18;29;23;16;14;6;59;17;10;13;40;6;23;9;6;7;15;6;7;3;4;8;35;30
"530";"R_uqUpkg7kXWFGiid";50;2;9;9;7;8;3;8;2;9;8;27;36;13;27;9;12;61;22;16;15;53;5;27;12;13;7;12;9;9;4;7;10;41;42
"531";"R_Ut1z9rkPgdxCwOl";37;2;8;6;7;7;6;5;2;6;8;20;35;20;31;17;12;80;31;18;28;77;9;32;12;10;11;12;6;12;2;4;3;45;27
"532";"R_ut9CzaPcM4psYSZ";23;2;7;5;5;5;8;3;4;6;7;17;33;21;24;22;14;81;33;17;29;79;7;28;8;9;11;18;3;14;3;4;4;52;22
"533";"R_UuczciEd816FenL";36;2;4;9;5;5;2;7;2;5;3;23;19;15;35;21;13;84;17;14;16;47;9;36;11;7;4;11;8;9;3;6;8;31;36
"534";"R_uvTCKlfC71DUNXj";49;2;9;2;9;2;9;2;2;4;9;8;40;13;34;15;12;74;43;18;34;95;9;10;12;4;11;20;6;20;1;2;3;55;24
"535";"R_UX7q0pbnMMrzNDz";26;2;10;7;9;7;5;5;2;10;10;21;44;22;27;26;11;86;10;10;9;29;7;37;20;6;5;4;10;9;5;9;10;24;54
"536";"R_uyrwqLTkruwJzq1";27;2;4;3;4;8;3;5;2;3;6;18;20;22;12;12;10;56;24;15;15;54;3;36;11;6;8;13;7;5;1;7;14;32;40
"537";"R_V2SWYURdiWjDR7P";27;1;5;8;5;8;5;8;4;5;4;28;24;28;10;23;9;70;18;11;10;39;6;29;15;6;8;10;5;6;4;8;11;30;43
"538";"R_vBjDWVlwjrLWnPX";5;2;6;7;8;4;6;4;2;8;4;17;32;13;19;20;11;63;35;14;22;71;6;37;6;12;11;13;6;9;2;5;4;45;23
"539";"R_vDCUcwPyZk0ly7v";47;1;8;5;8;4;5;4;4;8;8;17;37;17;27;20;9;73;39;13;27;79;7;11;8;8;10;17;3;12;1;3;5;47;20
"540";"R_vrfamsTG51EFXpv";22;2;5;9;4;4;2;3;4;7;3;20;21;26;16;20;8;70;29;18;26;73;6;36;15;10;9;15;8;13;1;4;5;47;33
"541";"R_vSGLl8G03vhqxEt";24;2;9;5;10;4;4;4;4;10;5;17;38;25;39;30;15;109;22;16;33;71;10;37;9;11;11;9;6;9;3;8;6;40;32
"542";"R_vuAzGV7un2CB4Yx";12;1;4;10;5;4;2;6;4;4;4;24;19;29;19;21;7;76;23;12;29;64;8;25;13;8;5;6;6;9;5;4;7;28;35
"543";"R_VWJDUzznAvHC2Gt";37;1;4;6;5;4;3;5;4;8;6;19;26;23;24;24;11;82;44;19;23;86;7;17;8;11;12;19;6;15;1;5;5;57;25
"544";"R_vxektxUNT7XBuBr";20;2;9;4;10;3;8;2;3;9;9;12;45;28;39;23;12;102;45;17;39;101;12;10;4;9;15;20;2;20;1;2;3;64;12
"545";"R_vZiNYDrF1wy07mx";24;2;8;8;9;5;5;4;4;8;8;21;38;24;38;21;12;95;25;16;21;62;11;27;8;10;7;17;5;14;2;4;3;48;22
"546";"R_W0E0dpQthBlo4rD";11;2;4;6;3;5;4;4;3;5;4;18;20;24;11;15;6;56;28;10;14;52;3;30;17;11;8;9;9;9;3;5;9;37;43
"547";"R_w14VG0OOuHd0OYN";42;2;9;9;8;4;3;3;2;9;4;18;33;20;32;13;11;76;35;14;25;74;9;15;10;8;8;16;4;9;2;3;5;41;24
"548";"R_Wcym3iGwPDQCitP";44;2;9;6;8;4;5;2;3;7;7;15;36;18;21;18;12;69;23;9;13;45;6;11;11;7;7;20;4;16;3;3;6;50;27
"549";"R_WDTARKqsNgaaIOl";29;1;7;9;9;5;5;7;5;8;8;26;37;19;17;20;11;67;32;16;26;74;7;25;9;12;8;14;7;10;2;4;7;44;29
"550";"R_WlEfEBT1rQYxFKN";8;2;8;4;4;8;4;7;4;4;4;23;24;25;26;11;6;68;25;12;16;53;9;27;9;8;9;15;7;9;2;5;14;41;37
"551";"R_wYqUcWcINH1bClH";19;2;3;9;6;7;3;3;4;5;4;23;21;24;27;28;13;92;23;20;23;66;8;26;14;7;6;10;4;9;3;8;7;32;36
"552";"R_wZQs8U2KGRunlBv";19;2;6;4;3;6;4;8;5;8;2;23;23;27;22;23;7;79;18;8;23;49;8;24;7;5;6;14;5;4;1;7;7;29;27
"553";"R_x9m6ft2u4Z96lqh";15;1;7;3;3;10;3;4;4;5;3;21;21;26;13;6;9;54;10;12;8;30;4;43;15;9;5;8;10;4;2;10;10;26;47
"554";"R_xbgWt7bTtGh4MCd";34;2;7;8;6;7;6;4;4;8;8;23;35;11;15;12;10;48;19;18;9;46;3;36;15;6;6;6;10;5;4;9;11;23;49
"555";"R_xEgp10GIhpmgMvL";49;2;4;3;5;6;6;2;2;7;8;13;30;14;33;20;6;73;26;13;11;50;10;18;10;14;12;19;9;9;1;6;5;54;31
"556";"R_XGOEMk3jZADzGxP";41;2;8;8;9;5;6;2;3;6;8;18;37;22;28;19;13;82;22;14;13;49;9;28;6;9;10;16;6;7;2;4;3;42;21
"557";"R_XIoZXayAg8O6fhD";45;1;5;5;7;4;5;5;3;7;6;17;30;25;21;19;11;76;44;15;34;93;6;9;8;10;9;18;2;12;1;2;5;49;18
"558";"R_XiVXzP44K2N05gJ";40;2;6;8;6;4;4;4;4;5;5;20;26;12;17;12;11;52;25;13;18;56;6;35;9;9;6;12;5;7;2;4;5;34;25
"559";"R_XmNJJkqVoK7xrod";30;2;4;6;8;3;5;2;4;6;7;15;30;22;37;19;12;90;38;15;26;79;8;10;11;11;12;18;4;13;2;4;3;54;24
"560";"R_xrobvEprOEQDKQp";35;1;4;8;3;2;4;7;3;6;4;20;21;23;31;21;6;81;18;13;12;43;9;29;9;12;8;13;5;7;2;7;11;40;34
"561";"R_XZemFeyEhNvXR1D";10;2;6;6;8;5;3;4;2;5;7;17;29;24;26;23;7;80;38;20;35;93;7;18;11;12;13;18;4;16;1;2;3;59;21
"562";"R_Y34aSUyBz65dxv3";19;2;6;3;10;4;8;2;4;10;8;13;42;19;24;12;14;69;33;15;16;64;5;10;6;8;12;19;5;13;2;6;5;52;24
"563";"R_Y3JVMSzXEQLMAa5";52;2;4;8;4;4;3;4;3;4;6;19;21;19;16;16;12;63;23;9;14;46;5;12;8;9;8;17;6;8;2;4;10;42;30
"564";"R_Y5hm4yb8zHf0Dzb";34;2;7;7;7;4;7;4;3;7;4;18;32;21;21;17;12;71;30;12;17;59;7;21;6;10;9;16;4;12;1;6;5;47;22
"565";"R_ylRGs59MD7lUGKR";32;2;5;5;3;9;3;4;2;3;4;20;18;18;16;14;8;56;14;9;9;32;3;20;15;5;8;10;8;8;4;6;12;31;45
"566";"R_YRMlGWQueGoWANj";6;2;6;8;5;8;4;7;3;7;4;26;26;22;28;20;12;82;38;16;29;83;9;20;9;10;7;17;4;13;2;3;3;47;21
"567";"R_yrUq5gXa8gRLQ3f";17;2;7;8;6;7;4;7;5;4;4;27;25;20;14;22;6;62;19;8;14;41;4;23;11;9;6;14;8;11;2;8;8;40;37
"568";"R_ysQPYglNuPSEga5";36;1;5;3;6;3;4;2;2;6;4;10;25;25;34;28;9;96;40;13;33;86;9;9;5;8;9;19;3;11;1;2;4;47;15
"569";"R_YVL7JaWwVXaBcop";23;2;8;5;7;4;7;3;4;8;7;16;37;21;18;13;12;64;30;14;20;64;4;35;9;9;8;15;7;9;2;5;6;41;29
"570";"R_yxBHpOiNKXBOJKV";22;2;9;6;10;5;2;2;6;3;4;19;28;28;17;13;9;67;33;14;21;68;7;27;7;12;9;16;6;10;2;4;6;47;25
"571";"R_z8ceLtzEGkTgT2F";33;1;7;3;8;3;5;3;4;6;7;13;33;29;39;29;11;108;37;15;32;84;12;14;5;7;8;19;3;10;1;3;4;44;16
"572";"R_z8oTTZqqlSd7VHb";48;2;6;6;5;7;2;8;4;8;6;25;27;18;9;14;15;56;28;18;21;67;3;25;11;10;7;14;5;5;2;5;4;36;27
"573";"R_zcWlFDkHtOEEfTz";25;2;7;6;9;10;4;6;4;6;7;26;33;22;19;12;9;62;16;15;15;46;6;34;11;8;7;12;7;9;3;8;10;36;39
"574";"R_ZdHFpe7u40h5Goh";47;1;10;4;9;3;6;2;3;5;8;12;38;14;32;24;12;82;40;17;34;91;9;9;9;13;12;18;4;15;1;2;7;58;23
"575";"R_ZEvbuzagoyGp1MR";20;2;8;6;9;7;6;2;2;8;8;17;39;22;14;13;6;55;24;10;16;50;3;30;10;11;9;11;7;10;3;8;8;41;36
"576";"R_ZJ0Du9LqYGk8HRL";40;2;4;7;4;6;4;4;2;4;5;19;21;22;16;6;10;54;20;10;11;41;3;22;12;10;8;13;7;8;3;7;11;39;40
"577";"R_ZmGZGsZZkdNZi4F";36;2;5;5;7;3;3;3;4;3;6;15;24;25;14;14;9;62;25;15;13;53;3;9;9;8;8;19;6;10;2;6;13;45;36
"578";"R_ZsG93rgsP6zYIH7";49;2;10;5;8;4;8;2;4;10;9;15;45;23;38;28;14;103;41;19;35;95;10;14;14;13;13;18;4;15;2;2;5;59;27
